,ids,bday,enrolldate,expgradate,Rank,Major,Gender,Athlete,Height,Weight,Smoking,Sprint,English,Reading,Math,Writing,State,LiveOnCampus,HowCommute,CommuteTime,SleepTime,StudyTime,Score,BMI
0,43783,1995-03-22,2000-01-01,2000-01-01,0.0,unknown,Male,0,22.05228,317.5144,0.0,7.978,88.24,81.5,60.02,81.44,In state,On Campus,Public Transit,27.0,7.0,1.0,311.2,0.13372757496027576
1,20278,1995-01-01,2000-01-01,2000-01-01,0.0,Philosophy,Male,0,21.537168,317.5144,0.0,8.004,89.45,85.25,70.19,73.27,unknown,On Campus,Public Transit,27.0,5.0,2.0,318.15999999999997,0.1402008910527717
2,20389,1994-12-31,2000-01-01,2000-01-01,0.0,unknown,Male,0,21.543264000000004,317.5144,0.0,6.581933155080214,96.73,86.88,71.2,84.24,In state,unknown,Public Transit,27.0,8.0,7.0,339.05,0.14012155825421665
3,22820,1994-12-01,2000-01-01,2000-01-01,0.0,business administration,Female,0,20.736081882352945,317.5144,3.0,8.473,74.06,88.68,55.89,73.16,In state,On Campus,Public Transit,27.0,2.0,6.0,291.79,0.151242750586949
4,24559,1994-11-10,2000-01-01,2000-01-01,0.0,unknown,Female,1,20.552664000000004,317.5144,2.0,6.581933155080214,82.61,77.3,65.52,80.45,Out of state,On Campus,Public Transit,27.0,7.0,3.0,305.88,0.15395426357528555
5,28980,1994-09-17,2000-01-01,2000-01-01,0.0,astrophysics,Male,1,20.863560000000003,317.5144,0.0,4.65,70.1,82.0708,61.4,77.48,In state,On Campus,Public Transit,27.0,8.0,3.0,291.0508,0.14940018493608606
6,33312,1994-07-27,2000-01-01,2000-01-01,0.0,Anthropology,Male,1,20.897088,317.5144,0.0,4.75,78.98,87.53,76.71,70.79,In state,On Campus,Public Transit,27.0,9.0,9.0,314.01,0.14892116402908848
7,40274,1994-05-03,2000-01-01,2000-01-01,0.0,American History,Male,1,21.918168,317.5144,0.0,6.581933155080214,82.78755501222494,67.31,58.64,65.89,In state,Off Campus,Public Transit,27.0,8.0,3.0,274.6275550122249,0.13536907537178006
8,40390,1994-04-30,2000-01-01,2000-01-01,0.0,Africana studies,Female,1,20.982432000000003,317.5144,0.0,6.279,75.65,76.54,51.14,75.94,In state,Off Campus,Car,26.0,5.461538461538462,3.0,279.27,0.14771218306451964
9,28942,1993-09-17,2000-01-01,2000-01-01,0.0,unknown,Female,1,20.327112,317.5144,0.0,6.076,68.27,93.88,55.2,78.18,Out of state,unknown,Walk,13.0,2.0,15.0,295.53,0.15738980785425058
10,29045,1993-09-17,2000-01-01,2000-01-01,0.0,French,Male,0,21.372576000000002,317.5144,0.0,8.498,86.0,91.34,64.41,71.02,Out of state,Off Campus,Car,20.0,1.0,6.0,312.77,0.14236860354134986
11,35676,1993-06-27,2000-01-01,2000-01-01,0.0,history,Female,1,20.394168,317.5144,3.0,6.581933155080214,79.94,76.74,62.53,84.78,In state,On Campus,Public Transit,27.0,4.0,0.0,303.99,0.15635651438532425
12,38764,1993-05-22,2000-01-01,2000-01-01,0.0,unknown,Male,1,19.876008,317.5144,0.0,4.661,101.95,74.45,66.8,88.5,In state,Off Campus,Car,29.0,4.0,2.0,331.7,0.16461508841676292
13,39796,1993-05-08,2000-01-01,2000-01-01,0.0,unknown,Female,0,22.05228,317.5144,2.0,7.312,88.97,86.53,52.48,81.21,Out of state,Off Campus,Car,38.0,4.0,2.0,309.19,0.13372757496027576
14,41092,1993-04-23,2000-01-01,2000-01-01,0.0,"engineering,undecided",Male,0,20.458176,317.5144,0.0,7.113,91.79,84.44,66.76,88.03,In state,On Campus,Public Transit,27.0,4.0,11.0,331.02000000000004,0.1553796519779918
15,43344,1993-03-26,2000-01-01,2000-01-01,0.0,Fine Arts (Painting),Male,0,20.736081882352945,317.5144,1.0,7.443,70.42,85.29,57.95,79.22,In state,On Campus,Public Transit,27.0,9.0,7.208651399491094,292.88,0.151242750586949
16,49688,1993-01-08,2000-01-01,2000-01-01,0.0,education,Male,0,24.0792,317.5144,0.0,6.581933155080214,97.23,82.0708,67.72,84.35,In state,On Campus,Public Transit,27.0,13.0,7.208651399491094,331.3708,0.11216151257811248
17,37701,1992-06-02,2000-01-01,2000-01-01,0.0,unknown,Female,1,19.238976,317.5144,2.0,6.499,85.71,78.06,66.83,82.99,In state,On Campus,Public Transit,27.0,6.0,1.0,313.59,0.17569688412117826
18,44116,1992-03-16,2000-01-01,2000-01-01,0.0,Exorcise Science,Female,0,21.107400000000002,317.5144,3.0,6.581933155080214,82.99,74.41,61.4,81.12,In state,On Campus,Public Transit,27.0,5.0,15.0,299.92,0.14596827796530648
19,25871,1991-10-26,2000-01-01,2000-01-01,0.0,saxophone,Male,1,20.736081882352945,317.5144,0.0,4.524,83.95,74.02,74.92,64.06,In state,Off Campus,Car,27.0,4.0,7.208651399491094,296.95,0.151242750586949
20,26154,1991-10-22,2000-01-01,2000-01-01,0.0,mathematics,Female,0,17.92224,317.5144,0.0,6.737,74.88,79.61,51.3,79.64,In state,Off Campus,Walk,21.0,2.0,7.0,285.43,0.20246193715581473
21,41291,1991-04-21,2000-01-01,2000-01-01,0.0,unknown,Male,1,21.845016,317.5144,0.0,4.89,84.67,79.64,60.85,76.77,Out of state,Off Campus,Car,24.0,9.0,6.0,301.93,0.13627720918059064
22,46752,1991-02-13,2000-01-01,2000-01-01,0.0,Education Administration,Female,0,18.879312,317.5144,2.0,7.013,99.51,95.81,68.91,84.19,In state,On Campus,Public Transit,27.0,3.0,9.0,348.42,0.18245494483657201
23,20183,1991-01-03,2000-01-01,2000-01-01,0.0,Creative writing,Male,0,20.397216,317.5144,0.0,7.407,83.3,82.98,68.82,75.49,In state,Off Campus,Car,34.0,6.0,5.0,310.59,0.156309788494099
24,23643,1990-11-22,2000-01-01,2000-01-01,0.0,unknown,Male,1,20.736081882352945,317.5144,0.0,6.581933155080214,80.86,75.15,75.69,81.12,unknown,Off Campus,Car,33.0,5.0,6.0,312.82,0.151242750586949
25,40303,1990-05-02,2000-01-01,2000-01-01,0.0,unknown,Female,0,18.163032,317.5144,0.0,6.581933155080214,84.67,87.04,73.94,87.61,unknown,Off Campus,Car,20.0,3.0,4.0,333.26,0.1971293405874302
26,27496,1988-10-06,2000-01-01,2000-01-01,0.0,unknown,Female,0,20.577048,317.5144,0.0,7.035,74.85,70.41,65.51,83.06,In state,Off Campus,Bike,10.0,3.0,11.0,293.83000000000004,0.1535896051959451
27,26582,2000-01-01,2000-01-01,2000-01-01,0.0,Journalism,Male,1,22.466808,317.5144,0.0,4.749,85.67,67.62,53.06,77.68,unknown,unknown,Public Transit,27.0,3.0,12.0,284.03000000000003,0.12883836878771987
28,46919,2000-01-01,2000-01-01,2000-01-01,0.0,unknown,Female,1,22.024848000000002,317.5144,0.0,5.381,82.56,77.19,60.73,83.54,In state,Off Campus,Car,21.0,3.0,6.0,304.02,0.13406089842711325
29,20230,1996-01-02,2014-08-04,2020-05-11,1.0,pre-pharma,Male,1,24.417528,317.5144,0.0,5.203,81.6,75.6,65.36,76.07,In state,On Campus,Public Transit,27.0,8.0,3.0,298.63,0.10907483797595058
30,21083,1995-12-22,2014-08-04,2020-05-11,1.0,unknown,Female,0,21.96084,317.5144,0.0,6.746,78.85,86.92,68.53,71.42,In state,Off Campus,Car,26.0,5.0,3.0,305.72,0.13484351650701357
31,21939,1995-12-12,2014-08-04,2020-05-11,1.0,unknown,Male,1,20.144232000000002,317.5144,0.0,5.326,87.7,81.1,61.61,79.52168316831683,In state,Off Campus,Car,39.0,6.0,5.0,309.9316831683168,0.16026051583143808
32,23017,1995-11-29,2014-08-04,2020-05-11,1.0,unknown,Neutral,0,21.860256,317.5144,0.0,7.638,76.63,84.19,65.25,72.61,In state,Off Campus,Bike,8.0,8.0,4.0,298.68,0.1360872625743853
33,23217,1995-11-26,2014-08-04,2019-05-13,1.0,Pre Med,Male,0,21.765768,317.5144,0.0,6.475,75.2,81.54,66.66,85.38,In state,Off Campus,Car,31.0,5.0,5.0,308.78000000000003,0.13727137183380886
34,23889,1995-11-18,2014-08-04,2019-05-13,1.0,communication,Male,1,21.424392000000005,317.5144,0.0,4.593,81.74,86.41,66.21,76.24,In state,On Campus,Public Transit,27.0,9.0,8.0,310.59999999999997,0.1416807846508543
35,24985,1995-11-05,2014-08-04,2019-05-13,1.0,Biology,Female,0,20.503896,317.5144,1.0,7.025,82.78755501222494,77.65,56.04,79.52168316831683,In state,On Campus,Public Transit,27.0,8.0,11.0,295.99923818054174,0.1546874871899425
36,25382,1995-10-31,2014-08-04,2020-05-11,1.0,unknown,Male,1,21.860256,317.5144,0.0,4.574,87.54,84.77,69.78,78.52,In state,Off Campus,Car,27.0,5.0,3.0,320.61,0.1360872625743853
37,25701,1995-10-27,2014-08-04,2019-05-13,1.0,Chemistry,Female,0,19.007328,317.5144,0.0,6.136,83.97,85.85,57.74,83.65,In state,On Campus,Public Transit,27.0,6.0,11.0,311.21000000000004,0.18000552154079788
38,26140,1995-10-21,2014-08-04,2020-05-11,1.0,Aeronautics (Air Traffic Control),Female,1,21.037296,317.5144,0.0,4.634,83.15,83.95,77.6,89.07,Out of state,Off Campus,Car,33.0,5.461538461538462,5.0,333.77,0.1469427387657868
39,29142,1995-09-15,2014-08-04,2020-05-11,1.0,Soc,Female,0,20.930616,317.5144,0.0,6.572,89.48,78.0,59.24,81.95,Out of state,On Campus,Public Transit,27.0,4.0,0.0,308.67,0.14844444325688888
40,30056,1995-09-04,2014-08-04,2020-05-11,1.0,Poli Sci,Male,1,21.997416,317.5144,3.0,6.581933155080214,81.35,73.57,67.89,69.86,In state,On Campus,Public Transit,27.0,7.0,4.0,292.66999999999996,0.13439546968999133
41,30164,1995-09-03,2014-08-04,2020-05-11,1.0,unknown,Male,0,21.207984,317.5144,3.0,6.838,71.07,86.6,63.45,75.72,In state,Off Campus,Car,37.0,7.0,5.0,296.84,0.144586981503855
42,30953,1995-08-23,2014-08-04,2020-05-11,1.0,unknown,Female,0,20.736081882352945,317.5144,0.0,7.875,72.79,71.65,68.83,78.85,In state,On Campus,Public Transit,27.0,8.0,11.0,292.12,0.151242750586949
43,31227,1995-08-20,2014-08-04,2020-05-11,1.0,art historyy,Female,0,20.842223999999998,317.5144,2.0,7.494,82.28,81.25,61.78,78.66,In state,On Campus,Public Transit,27.0,10.0,5.0,303.97,0.14970622078964302
44,31862,1995-08-14,2014-08-04,2019-05-13,1.0,unknown,Male,1,22.326600000000003,317.5144,3.0,5.625,75.44,86.14,59.64,76.88,In state,On Campus,Public Transit,27.0,3.0,5.0,298.09999999999997,0.13046162448019197
45,32521,1995-08-06,2014-08-04,2019-05-13,1.0,Art history,Male,1,23.618952,317.5144,0.0,4.979,76.9,85.24,75.94,79.52168316831683,In state,Off Campus,Car,20.0,5.0,6.0,317.60168316831687,0.11657534736830572
46,33055,1995-07-30,2014-08-04,2019-05-13,1.0,unknown,Male,1,21.268944,317.5144,0.0,4.673,82.78755501222494,74.07,57.48,73.15,In state,On Campus,Public Transit,27.0,5.0,5.0,287.4875550122249,0.14375935308619703
47,33153,1995-07-28,2014-08-04,2019-05-13,1.0,unknown,Neutral,0,19.757136,317.5144,0.0,7.181,82.78755501222494,84.98,75.66,87.03,In state,On Campus,Public Transit,27.0,5.0,3.0,330.45755501222493,0.16660191405607022
48,34417,1995-07-12,2014-08-04,2019-05-13,1.0,unknown,Female,1,20.586192000000004,317.5144,0.0,5.138,80.95,73.22,61.0,81.69,In state,Off Campus,Car,28.0,7.0,7.208651399491094,296.86,0.1534531922604523
49,34717,1995-07-10,2014-08-04,2020-05-11,1.0,unknown,Male,1,23.460456,317.5144,0.0,5.887,76.47,80.82,68.19,78.88,In state,On Campus,Public Transit,27.0,7.0,1.0,304.36,0.11815580595096442
50,35023,1995-07-05,2014-08-04,2019-05-13,1.0,unknown,Female,0,19.037808000000002,317.5144,0.0,6.581933155080214,94.43,87.34,79.93,79.63,Out of state,On Campus,Public Transit,27.0,6.0,19.0,341.33000000000004,0.17942959638901526
51,35599,1995-06-28,2014-08-04,2020-05-11,1.0,unknown,Male,0,20.509992000000004,317.5144,3.0,7.323,74.07,73.45,63.54,79.52168316831683,In state,On Campus,Public Transit,27.0,5.0,3.0,290.5816831683168,0.15459554812083479
52,36555,1995-06-18,2014-08-04,2020-05-11,1.0,unknown,Male,0,22.155912,317.5144,2.0,6.716,70.48,85.48,65.88,71.44,In state,Off Campus,Car,31.0,7.0,7.0,293.28000000000003,0.13247950669779482
53,38134,1995-05-29,2014-08-04,2019-05-13,1.0,agricultural studies,Male,1,19.781520000000004,317.5144,0.0,4.873,84.95,81.01,62.08,71.21,In state,On Campus,Public Transit,27.0,6.0,5.0,299.25,0.16619143829193184
54,38528,1995-05-24,2014-08-04,2019-05-13,1.0,unknown,Female,0,19.025616000000003,317.5144,1.0,7.706,85.24,82.77,82.14,83.03,Out of state,On Campus,Public Transit,27.0,2.0,5.0,333.18,0.17965963430948742
55,38775,1995-05-21,2014-08-04,2019-05-13,1.0,Finance,Male,1,21.512784,317.5144,0.0,6.581933155080214,79.64,68.83,47.62,77.11,In state,On Campus,Public Transit,27.0,5.0,5.0,273.2,0.1405188969411124
56,38980,1995-05-19,2014-08-04,2020-05-11,1.0,bio,Male,0,22.835616,317.5144,0.0,8.926,88.44,84.15,78.38,69.52,In state,Off Campus,Car,27.0,6.0,5.0,320.49,0.12471035130122067
57,39006,1995-05-17,2014-08-04,2019-05-13,1.0,Theare,Female,1,20.592288000000003,317.5144,0.0,6.663,89.49,86.13,65.3,84.68,In state,unknown,Public Transit,27.0,4.0,10.0,325.6,0.15336235124290107
58,39341,1995-05-15,2014-08-04,2019-05-13,1.0,unknown,Male,1,22.396704000000003,317.5144,0.0,5.456,77.64,71.09,66.48,74.43,unknown,On Campus,Public Transit,27.0,7.0,7.208651399491094,289.64,0.12964618592774366
59,39542,1995-05-11,2014-08-04,2020-05-11,1.0,Engineering,Female,0,22.268688,317.5144,0.0,7.93,75.38,76.45,63.7,76.69,In state,On Campus,Public Transit,27.0,5.461538461538462,7.208651399491094,292.21999999999997,0.13114106439633258
60,39715,1995-05-11,2014-08-04,2020-05-11,1.0,environmental policy,Male,1,20.736081882352945,317.5144,0.0,4.751,82.78755501222494,80.51,70.42,74.57,In state,On Campus,Public Transit,27.0,9.0,6.0,308.28755501222497,0.151242750586949
61,40161,1995-05-03,2014-08-04,2019-05-13,1.0,Classics,Female,0,18.659856,317.5144,0.0,7.296,87.87,91.89,77.23,86.6,Out of state,On Campus,Public Transit,27.0,10.0,1.0,343.59000000000003,0.1867718366427346
62,40619,1995-04-29,2014-08-04,2020-05-11,1.0,media literacy,Male,0,20.025360000000003,317.5144,1.0,5.537,82.24,93.34,63.28,79.52168316831683,In state,On Campus,Public Transit,27.0,4.0,8.0,318.38168316831684,0.16216879918637594
63,41288,1995-04-22,2014-08-04,2020-05-11,1.0,unknown,Male,0,21.223224,317.5144,2.0,7.848,79.48,101.59,73.49,71.67,Out of state,On Campus,Public Transit,27.0,5.0,1.0,326.23,0.1443794056473262
64,41254,1995-04-20,2014-08-04,2020-05-11,1.0,ancient studies,Female,0,17.233392000000002,317.5144,0.0,7.171,85.53,76.35,55.19,84.97,Out of state,On Campus,Public Transit,27.0,4.0,15.0,302.03999999999996,0.2189709142811454
65,42023,1995-04-10,2014-08-04,2020-05-11,1.0,unknown,Female,0,19.394424,317.5144,0.0,7.701,72.31,89.03,78.04,72.55,Out of state,Off Campus,Car,33.0,8.0,1.0,311.93,0.17289171947212006
66,42630,1995-04-05,2014-08-04,2019-05-13,1.0,unknown,Male,0,25.728168,317.5144,0.0,6.646,71.29,83.84,68.85,76.56,In state,On Campus,Public Transit,27.0,2.0,4.0,300.54,0.09824495079549009
67,42850,1995-04-02,2014-08-04,2019-05-13,1.0,Higher Ed,Male,0,19.153632,317.5144,2.0,7.817,60.96,69.87,58.97,71.56,In state,On Campus,Public Transit,27.0,1.0,4.0,261.36,0.1772660989019226
68,42769,1995-04-01,2014-08-04,2019-05-13,1.0,Psych,Female,0,18.33372,317.5144,1.0,6.581933155080214,75.07,72.17,49.4,75.89,In state,On Campus,Public Transit,27.0,8.0,2.0,272.53,0.1934758559406416
69,43221,1995-03-26,2014-08-04,2020-05-11,1.0,unknown,Female,1,20.168616,317.5144,0.0,6.581933155080214,76.23,79.79,64.83,83.58,In state,On Campus,Public Transit,27.0,5.0,4.0,304.43,0.15987323788002697
70,44088,1995-03-18,2014-08-04,2019-05-13,1.0,Music Education,Male,1,23.137368,317.5144,0.0,4.566,85.34,81.42,73.51,74.0,In state,On Campus,Public Transit,27.0,8.0,10.0,314.27,0.12147867803639992
71,44413,1995-03-12,2014-08-04,2020-05-11,1.0,Pre-med,Female,0,21.162264000000004,317.5144,0.0,8.157,86.85,91.25,76.93,84.01,In state,Off Campus,Car,30.0,5.0,9.0,339.03999999999996,0.14521240207679453
72,44517,1995-03-11,2014-08-04,2020-05-11,1.0,Environmental Science,Female,1,20.138136,317.5144,0.0,6.826,69.81,70.58,35.32,70.73,In state,On Campus,Public Transit,27.0,5.0,7.208651399491094,246.44,0.16035755519696046
73,46221,1995-02-20,2014-08-04,2020-05-11,1.0,liberal Studies,Male,1,20.205192000000004,317.5144,0.0,4.681,82.49,82.01,62.99,75.64,In state,On Campus,Public Transit,27.0,3.0,6.0,303.13,0.1592949478173645
74,47050,1995-02-06,2014-08-04,2020-05-11,1.0,psycho,Female,0,19.168872,317.5144,2.0,7.256,84.3,78.72,72.52,80.03,In state,Off Campus,Car,32.0,3.0,12.0,315.57,0.17698434404077656
75,47887,1995-01-28,2014-08-04,2020-05-11,1.0,photograPhy,Female,1,20.736081882352945,317.5144,0.0,5.527,86.59,79.22,57.58,70.89,In state,On Campus,Public Transit,27.0,4.0,3.0,294.28,0.151242750586949
76,48361,1995-01-25,2014-08-04,2019-05-13,1.0,sport and exercise science,Male,0,25.520904,317.5144,0.0,7.817,95.23,76.72,69.7,82.44,In state,On Campus,Public Transit,27.0,5.0,6.0,324.09000000000003,0.09984719243031617
77,49213,1995-01-16,2014-08-04,2020-05-11,1.0,Geograph,Male,1,22.652735999999997,317.5144,0.0,5.685,89.3,90.92,66.46,82.21,In state,On Campus,Public Transit,27.0,2.0,6.0,328.89,0.126732101951124
78,49326,1995-01-14,2014-08-04,2019-05-13,1.0,unknown,Male,0,22.20468,317.5144,0.0,7.812,69.48,79.78,54.69,69.38,In state,On Campus,Public Transit,27.0,5.0,6.0,273.33,0.13189821791375647
79,49155,1995-01-13,2014-08-04,2020-05-11,1.0,English,Female,0,18.958560000000002,317.5144,0.0,6.735,77.17,55.11,40.38,80.62,In state,On Campus,Public Transit,27.0,8.0,3.0,253.28000000000003,0.18093278605473476
80,20531,1994-12-29,2014-08-04,2019-05-13,1.0,unknown,Male,1,20.736081882352945,317.5144,0.0,4.503,93.69,87.7,76.35,79.08,In state,On Campus,Public Transit,27.0,4.0,1.0,336.82,0.151242750586949
81,20615,1994-12-28,2014-08-04,2020-05-11,1.0,photography,Female,0,20.238720000000004,317.5144,0.0,6.581933155080214,85.44,85.49,69.92,84.34,In state,On Campus,Public Transit,27.0,7.0,6.0,325.19,0.1587676005225722
82,21492,1994-12-17,2014-08-04,2020-05-11,1.0,Art Education,Female,1,19.470624,317.5144,0.0,4.644,81.83,74.06,71.23,82.36,In state,On Campus,Public Transit,27.0,5.0,4.0,309.48,0.17154111360177915
83,22069,1994-12-10,2014-08-04,2020-05-11,1.0,unknown,Male,0,22.119336,317.5144,0.0,7.135,83.19,89.74,72.56,76.63,unknown,On Campus,Public Transit,27.0,3.0,7.0,322.12,0.13291799876610327
84,22567,1994-12-04,2014-08-04,2019-05-13,1.0,sports medicine,Female,1,19.638264000000003,317.5144,0.0,4.819,80.07,103.62,79.17,75.56,In state,On Campus,Public Transit,27.0,7.0,7.208651399491094,338.42,0.16862492803027845
85,23767,1994-11-20,2014-08-04,2020-05-11,1.0,French,Male,1,20.366736,317.5144,0.0,5.654,77.42,79.14,60.06,76.25,In state,unknown,Public Transit,27.0,4.0,11.0,292.87,0.15677799188176683
86,23937,1994-11-17,2014-08-04,2019-05-13,1.0,Theatre,Female,0,19.077432,317.5144,2.0,8.865,83.79,87.48,57.57,81.66,In state,unknown,Public Transit,27.0,4.0,8.0,310.5,0.17868501663085265
87,24153,1994-11-15,2014-08-04,2019-05-13,1.0,Education - Science,Female,0,18.934176,317.5144,2.0,8.48,81.0,70.87,48.06,88.89,Out of state,unknown,Car,23.0,7.0,4.0,288.82,0.18139910747492857
88,24202,1994-11-14,2014-08-04,2019-05-13,1.0,unknown,Female,0,17.49552,317.5144,3.0,6.839,79.0,78.47,59.89,79.02,Out of state,On Campus,Public Transit,27.0,8.0,4.0,296.38,0.21245857057873715
89,24556,1994-11-10,2014-08-04,2020-05-11,1.0,finance,Female,0,20.736081882352945,317.5144,0.0,6.259,84.09,69.8,65.46800947867298,79.52168316831683,In state,On Campus,Public Transit,27.0,8.0,1.0,298.87969264698984,0.151242750586949
90,24656,1994-11-09,2014-08-04,2019-05-13,1.0,interior design,Female,0,20.455128000000002,317.5144,0.0,8.224,81.68,88.16,70.56,72.53,In state,On Campus,Public Transit,27.0,6.0,3.0,312.93,0.15542596138894946
91,25740,1994-10-26,2014-08-04,2020-05-11,1.0,unknown,Female,0,20.412456000000002,317.5144,0.0,8.285,82.56,89.88,81.44,79.52168316831683,In state,Off Campus,Car,28.0,4.0,3.0,333.4016831683168,0.15607647292321805
92,26435,1994-10-18,2014-08-04,2019-05-13,1.0,unknown,Female,0,17.733264000000002,317.5144,2.0,5.513,77.97,89.03,79.61,92.3,In state,On Campus,Public Transit,27.0,3.0,5.0,338.90999999999997,0.20680003417518278
93,26707,1994-10-15,2014-08-04,2020-05-11,1.0,Applied Math,Male,0,23.746968,317.5144,0.0,8.991,83.82,87.67,70.43,74.04,Out of state,Off Campus,Car,23.0,5.0,3.0,315.96000000000004,0.11532185811651961
94,26691,1994-10-15,2014-08-04,2019-05-13,1.0,unknown,Female,1,19.479768,317.5144,0.0,4.895,85.27,77.75,69.3,75.6,Out of state,Off Campus,Car,34.0,5.461538461538462,20.0,307.91999999999996,0.1713801051348393
95,27539,1994-10-04,2014-08-04,2019-05-13,1.0,Graphic Design,Female,0,22.728935999999997,317.5144,0.0,6.55,85.43,87.7,70.57,77.46,In state,On Campus,Public Transit,27.0,11.0,1.0,321.15999999999997,0.12588377377757912
96,49947,1994-09-12,2014-08-04,2019-05-13,1.0,marketting,Female,1,20.823936,317.5144,0.0,5.503,71.12,56.53,55.43,73.56,In state,On Campus,Public Transit,27.0,7.0,9.0,256.64,0.14996928629016779
97,29516,1994-09-10,2014-08-04,2019-05-13,1.0,unknown,Female,0,19.196304,317.5144,2.0,6.581933155080214,83.57,84.35,74.31,80.7,In state,unknown,Public Transit,27.0,5.461538461538462,7.208651399491094,322.93,0.17647887532735573
98,30826,1994-08-25,2014-08-04,2019-05-13,1.0,unknown,Female,1,20.000976,317.5144,0.0,6.581933155080214,86.02,79.63,74.44,83.52,In state,Off Campus,Public Transit,53.0,5.0,2.0,323.60999999999996,0.16256445332221825
99,30989,1994-08-23,2014-08-04,2020-05-11,1.0,Undecided,Female,1,19.82724,317.5144,0.0,6.581933155080214,90.44,87.64,82.37,79.52168316831683,unknown,Off Campus,Car,36.0,5.0,1.0,339.9716831683168,0.16542587414281335
100,32304,1994-08-07,2014-08-04,2020-05-11,1.0,Aerospace engineering,Female,1,20.494752,317.5144,0.0,5.404,82.77,73.27,55.81,79.15,In state,On Campus,Public Transit,27.0,5.461538461538462,2.0,291.0,0.15482554964839562
101,32895,1994-08-01,2014-08-04,2020-05-11,1.0,unknown,Male,0,18.8214,317.5144,0.0,7.435,82.78755501222494,76.19,70.84,82.31,In state,On Campus,Public Transit,27.0,6.0,13.0,312.12755501222495,0.18357947188119786
102,34033,1994-07-17,2014-08-04,2020-05-11,1.0,Journalism,Female,0,19.336512,317.5144,2.0,6.428,84.34,82.0708,68.01,84.32,In state,On Campus,Public Transit,27.0,9.0,1.0,318.74080000000004,0.17392887640753188
103,34800,1994-07-07,2014-08-04,2020-05-11,1.0,Math and computer science,Female,1,20.854416,317.5144,2.0,6.581933155080214,74.74,73.12,54.49,78.87,Out of state,On Campus,Public Transit,27.0,5.461538461538462,3.0,281.22,0.1495312281444089
104,34919,1994-07-07,2014-08-04,2020-05-11,1.0,biologie,Male,0,22.35708,317.5144,1.0,6.581933155080214,59.83,74.71,55.54,74.97,In state,On Campus,Public Transit,27.0,6.0,7.0,265.05,0.130106143379758
105,36173,1994-06-21,2014-08-04,2019-05-13,1.0,bfa music,Female,1,20.839176000000002,317.5144,2.0,6.295,76.98,69.59,66.05,71.83,In state,On Campus,Public Transit,27.0,5.0,4.0,284.45000000000005,0.14975001694849296
106,37458,1994-06-04,2014-08-04,2019-05-13,1.0,unknown,Female,0,18.556224,317.5144,0.0,6.747,80.52,81.38,67.75,82.68,In state,Off Campus,Car,41.0,2.0,9.0,312.33,0.1888638125711207
107,38186,1994-05-29,2014-08-04,2020-05-11,1.0,Art,Male,0,21.220176000000002,317.5144,0.0,7.976,74.88,78.19,61.91,85.39,In state,Off Campus,Car,33.0,4.0,7.0,300.37,0.1444208850425435
108,38365,1994-05-27,2014-08-04,2020-05-11,1.0,philosophy,Male,1,20.241768,317.5144,0.0,5.808,77.09,79.08,60.93,76.27,Out of state,On Campus,Public Transit,27.0,10.0,5.0,293.37,0.1587197897570456
109,39281,1994-05-15,2014-08-04,2020-05-11,1.0,unknown,Male,1,21.973032000000003,317.5144,0.0,5.653,87.89,93.3,70.65,75.39,In state,On Campus,Public Transit,27.0,4.0,4.0,327.23,0.1346939189409302
110,39550,1994-05-12,2014-08-04,2019-05-13,1.0,unknown,Male,1,22.911816,317.5144,0.0,5.328,89.24,80.79,65.46800947867298,78.24,In state,Off Campus,Car,26.0,6.0,4.0,313.738009478673,0.12388220861944445
111,42681,1994-04-04,2014-08-04,2019-05-13,1.0,physic,Male,1,20.598384,317.5144,1.0,5.771,69.96,78.19,68.17,78.57,In state,On Campus,Public Transit,27.0,7.0,13.0,294.89,0.15327159086539857
112,42914,1994-03-30,2014-08-04,2019-05-13,1.0,unknown,Female,1,21.311616,317.5144,0.0,6.118,85.06,80.56,69.25,85.2,Out of state,On Campus,Public Transit,27.0,4.0,10.0,320.07,0.14318423409034972
113,43402,1994-03-25,2014-08-04,2020-05-11,1.0,Education - K-12,Female,0,20.058888000000003,317.5144,0.0,9.247,82.11,77.55,60.62,70.67,unknown,On Campus,Public Transit,27.0,4.0,5.0,290.95,0.16162712893811138
114,43610,1994-03-23,2014-08-04,2020-05-11,1.0,Studio art,Female,0,21.244560000000003,317.5144,1.0,8.478,79.61,78.38,45.79,77.91,In state,On Campus,Public Transit,27.0,3.0,6.0,281.69,0.14408954959665218
115,44736,1994-03-11,2014-08-04,2020-05-11,1.0,finance,Male,1,20.915376000000002,317.5144,0.0,5.393,87.96,90.1,70.07,79.52168316831683,In state,Off Campus,Public Transit,64.0,4.0,4.0,327.6516831683168,0.14866085031797704
116,44661,1994-03-10,2014-08-04,2020-05-11,1.0,Clinical Psychology,Female,0,17.772888000000002,317.5144,0.0,8.133,80.84,82.97,65.46800947867298,83.36,In state,On Campus,Public Transit,27.0,6.0,4.0,312.638009478673,0.20587895593840347
117,45104,1994-03-05,2014-08-04,2020-05-11,1.0,unknown,Male,0,19.900392000000004,317.5144,0.0,7.617,80.64,82.78,60.13,86.08,Out of state,On Campus,Public Transit,27.0,6.0,1.0,309.63,0.16421192900667897
118,45303,1994-03-04,2014-08-04,2020-05-11,1.0,journalism,Male,1,23.201376000000003,317.5144,0.0,5.605,96.42,99.42,77.14,81.3,In state,unknown,Public Transit,27.0,4.0,1.0,354.28000000000003,0.12080933139559767
119,45377,1994-03-01,2014-08-04,2019-05-13,1.0,Applied math,Female,0,18.153888000000002,317.5144,0.0,6.829,83.6,91.38,68.61,80.35,In state,Off Campus,Bike,11.0,5.461538461538462,7.208651399491094,323.93999999999994,0.1973279762358482
120,45559,1994-02-28,2014-08-04,2020-05-11,1.0,Spanish,Male,0,20.519136,317.5144,1.0,6.451,76.55,74.41,64.2,71.37,In state,Off Campus,Car,30.0,7.0,4.0,286.53000000000003,0.1544577931282346
121,45550,1994-02-26,2014-08-04,2019-05-13,1.0,businness,Female,1,21.460968,317.5144,0.0,5.91,84.6,67.82,62.77,82.73,In state,Off Campus,Car,32.0,5.0,4.0,297.92,0.14119826210758457
122,45901,1994-02-24,2014-08-04,2020-05-11,1.0,nursing,Male,1,23.396448000000003,317.5144,0.0,4.741,78.37,83.32,65.79,81.93,In state,On Campus,Public Transit,27.0,10.0,4.0,309.41,0.1188031915832487
123,46109,1994-02-21,2014-08-04,2020-05-11,1.0,Applied Mathematics,Male,0,18.641568,317.5144,0.0,6.581933155080214,90.8,77.92,65.46,75.46,In state,On Campus,Public Transit,27.0,12.0,3.0,309.64,0.18713847519998156
124,46808,1994-02-12,2014-08-04,2019-05-13,1.0,music - piano performance,Male,0,21.881592,317.5144,2.0,7.221,90.18,81.7,80.51,75.58,In state,Off Campus,Public Transit,45.0,7.0,6.0,327.97,0.13582200378939507
125,46968,1994-02-10,2014-08-04,2020-05-11,1.0,french,Female,1,21.19884,317.5144,0.0,5.959,88.85,78.56,54.49,85.91,In state,unknown,Public Transit,27.0,7.0,5.0,307.81,0.14471174196242562
126,48216,1994-01-26,2014-08-04,2020-05-11,1.0,chem,Male,1,21.704808,317.5144,2.0,6.581933155080214,94.33,76.88,74.19,79.99,In state,On Campus,Public Transit,27.0,8.0,4.0,325.39,0.13804353384268375
127,49381,1994-01-11,2014-08-04,2019-05-13,1.0,unknown,Female,0,18.754344,317.5144,2.0,6.581933155080214,80.03,80.19,65.69,86.64,In state,Off Campus,Car,35.0,3.0,7.208651399491094,312.54999999999995,0.18489459251727886
128,49838,1994-01-08,2014-08-04,2019-05-13,1.0,unknown,Male,1,21.811488,317.5144,0.0,5.651,68.97,78.16,60.06,71.87,In state,On Campus,Public Transit,27.0,10.0,7.0,279.06,0.136696494102054
129,20248,1994-01-01,2014-08-04,2020-05-11,1.0,stats,Neutral,0,18.690336000000002,317.5144,2.0,6.449,88.31,97.32,85.07,88.38,Out of state,Off Campus,Car,30.0,5.0,6.0,359.08,0.18616316233129893
130,24267,1993-11-13,2014-08-04,2019-05-13,1.0,unknown,Female,0,17.376648,317.5144,0.0,6.822,86.13,84.98,59.08,81.71,Out of state,On Campus,Public Transit,27.0,4.0,17.0,311.9,0.21537533105111378
131,25577,1993-10-28,2014-08-04,2020-05-11,1.0,psychology,Female,0,20.476464000000004,317.5144,2.0,8.138,91.36,77.64,59.33,89.69,In state,On Campus,Public Transit,27.0,7.0,4.0,318.02,0.1551022296521606
132,25893,1993-10-25,2014-08-04,2020-05-11,1.0,unknown,Male,1,21.436584,317.5144,0.0,5.798,78.84,71.03,60.19,74.68,unknown,Off Campus,Car,31.0,5.0,7.208651399491094,284.74,0.14151966934374033
133,26481,1993-10-18,2014-08-04,2019-05-13,1.0,unknown,Male,1,22.360128,317.5144,3.0,5.707,64.01,76.44,68.95,73.62,Out of state,On Campus,Public Transit,27.0,4.0,11.0,283.02,0.1300706752020778
134,26998,1993-10-11,2014-08-04,2020-05-11,1.0,social work,Male,1,22.725888,317.5144,0.0,5.259,85.24,81.39,70.74,79.52168316831683,In state,Off Campus,Car,28.0,3.0,7.0,316.89168316831683,0.12591754314870415
135,27765,1993-10-01,2014-08-04,2019-05-13,1.0,history,Female,1,20.638008,317.5144,0.0,5.978,70.26,69.19,64.17,66.76,Out of state,On Campus,Public Transit,27.0,5.461538461538462,11.0,270.38,0.15268360743639842
136,30426,1993-08-31,2014-08-04,2019-05-13,1.0,unknown,Male,0,22.594824,317.5144,0.0,8.044,80.01,82.0708,59.68,76.8,In state,On Campus,Public Transit,27.0,3.0,7.208651399491094,298.56080000000003,0.12738257969340797
137,31807,1993-08-14,2014-08-04,2019-05-13,1.0,nursing,Male,0,23.83536,317.5144,0.0,7.177,82.78755501222494,73.72,58.64,77.89,Out of state,On Campus,Public Transit,27.0,1.0,3.0,293.03755501222497,0.11446811572399447
138,32219,1993-08-09,2014-08-04,2020-05-11,1.0,Family and Consumer Science,Male,0,21.45792,317.5144,0.0,5.753,82.45,89.05,85.19,75.51,Out of state,On Campus,Public Transit,27.0,6.0,7.208651399491094,332.2,0.14123837809917353
139,32187,1993-08-09,2014-08-04,2019-05-13,1.0,paralegal studies,Male,1,20.994623999999998,317.5144,0.0,4.704,89.08,89.63,65.46800947867298,72.86,In state,On Campus,Public Transit,27.0,6.0,10.0,317.03800947867296,0.1475406740130119
140,32776,1993-08-02,2014-08-04,2020-05-11,1.0,english,Female,0,20.128992000000004,317.5144,0.0,8.057,89.33,89.86,59.7,84.88,In state,unknown,Car,39.0,5.461538461538462,12.0,323.77,0.16050327958644078
141,34019,1993-07-18,2014-08-04,2019-05-13,1.0,statistics,Male,0,19.708368,317.5144,2.0,6.581933155080214,86.16,94.94,68.78,71.93,Out of state,Off Campus,Car,25.0,10.0,5.0,321.81,0.16742744101315993
142,34705,1993-07-10,2014-08-04,2019-05-13,1.0,unknown,Male,0,22.731984,317.5144,0.0,6.85,82.95,63.56,57.54,75.98,In state,On Campus,Public Transit,27.0,1.0,7.0,280.03000000000003,0.12585001798936116
143,34595,1993-07-10,2014-08-04,2019-05-13,1.0,unknown,Female,1,20.007072,317.5144,0.0,5.544,93.78,83.49,66.03,77.69,Out of state,On Campus,Public Transit,27.0,6.0,4.0,320.99,0.16246540415265287
144,36109,1993-06-22,2014-08-04,2019-05-13,1.0,unknown,Female,1,21.232368,317.5144,0.0,5.162,82.92,81.07,64.33,81.49,Out of state,On Campus,Public Transit,27.0,5.0,4.0,309.81,0.14425507462562306
145,36524,1993-06-18,2014-08-04,2020-05-11,1.0,unknown,Male,1,22.637496,317.5144,2.0,5.707,75.05,71.04,54.73,72.09,In state,On Campus,Public Transit,27.0,5.0,2.0,272.90999999999997,0.12690279639195048
146,38091,1993-05-29,2014-08-04,2019-05-13,1.0,unknown,Male,1,23.981664000000002,317.5144,2.0,5.768,67.03,68.43,64.06,68.87,In state,On Campus,Public Transit,27.0,5.0,8.0,268.39,0.1130757136886745
147,40408,1993-05-02,2014-08-04,2019-05-13,1.0,math,Male,0,22.524720000000002,317.5144,0.0,6.581933155080214,75.66,81.97,60.76,75.2,In state,On Campus,Public Transit,27.0,8.0,8.0,293.59000000000003,0.128176722740931
148,40803,1993-04-24,2014-08-04,2019-05-13,1.0,what?,Female,0,19.013424,317.5144,0.0,6.566,94.64,89.06,70.44,88.15,In state,On Campus,Public Transit,27.0,3.0,2.0,342.29,0.17989011489427445
149,41397,1993-04-19,2014-08-04,2020-05-11,1.0,none of ur bisness!,Female,0,17.961864000000002,317.5144,0.0,6.673,84.86,80.98,71.64,86.86,In state,Off Campus,Car,20.0,10.0,6.0,324.34000000000003,0.2015696574775763
150,43142,1993-03-30,2014-08-04,2020-05-11,1.0,Forensic psych,Male,0,20.736081882352945,317.5144,0.0,6.348,96.48,81.68,63.49,85.67,In state,On Campus,Public Transit,27.0,1.0,5.0,327.32000000000005,0.151242750586949
151,44929,1993-03-07,2014-08-04,2020-05-11,1.0,Visual journalism (photojournalism),Male,0,19.437096,317.5144,0.0,6.599,86.35,88.85,70.36,74.82,In state,On Campus,Public Transit,27.0,10.0,16.0,320.38,0.1721334233705893
152,44752,1993-03-07,2014-08-04,2020-05-11,1.0,Physics,Female,0,21.67128,317.5144,0.0,8.897,85.36,90.18,60.03,85.15,In state,On Campus,Public Transit,27.0,3.0,1.0,320.72,0.13847100318285493
153,45420,1993-03-01,2014-08-04,2020-05-11,1.0,comp sci,Male,1,21.265896,317.5144,0.0,4.62,84.4,76.6,63.42,72.67,In state,On Campus,Public Transit,27.0,5.461538461538462,16.0,297.09000000000003,0.14380056554297277
154,48309,1993-01-24,2014-08-04,2019-05-13,1.0,Forensics,Female,0,20.000976,317.5144,0.0,6.581933155080214,80.59,94.7,74.54,84.25,In state,On Campus,Public Transit,27.0,10.0,4.0,334.08000000000004,0.16256445332221825
155,48509,1993-01-24,2014-08-04,2020-05-11,1.0,marketing,Male,1,20.199096,317.5144,0.0,4.556,79.81,77.98,65.48,83.37,In state,On Campus,Public Transit,27.0,6.0,5.0,306.64000000000004,0.15939111138162063
156,48541,1993-01-23,2014-08-04,2020-05-11,1.0,business admin,Male,0,22.817328,317.5144,0.0,8.899,90.87,76.84,71.09,80.39,In state,On Campus,Public Transit,27.0,5.461538461538462,3.0,319.19000000000005,0.12491034114156203
157,48591,1993-01-22,2014-08-04,2020-05-11,1.0,geology,Male,1,21.058632000000003,317.5144,0.0,4.695,67.77,77.46,59.51,79.52168316831683,In state,Off Campus,Car,21.0,6.0,7.208651399491094,284.2616831683168,0.14664513329529358
158,48942,1993-01-16,2014-08-04,2019-05-13,1.0,english composition,Female,0,21.287232000000003,317.5144,0.0,6.756,81.22,83.18,85.32,79.52168316831683,In state,Off Campus,Public Transit,27.0,5.461538461538462,9.0,329.24168316831685,0.1435124499920617
159,49342,1993-01-11,2014-08-04,2019-05-13,1.0,community counseling,Female,0,16.77924,317.5144,0.0,6.35,73.72,77.73,66.57,79.52168316831683,In state,On Campus,Public Transit,27.0,5.461538461538462,7.208651399491094,297.5416831683168,0.23098479542584113
160,20680,1992-12-27,2014-08-04,2020-05-11,1.0,unknown,Female,1,20.644104000000002,317.5144,0.0,6.621,85.34,84.05,50.7,79.52168316831683,In state,On Campus,Public Transit,27.0,6.0,2.0,299.61168316831686,0.15259344882753623
161,22425,1992-12-06,2014-08-04,2020-05-11,1.0,Criminology,Female,1,19.821144,317.5144,3.0,5.817,82.8,79.38,51.32,75.98,In state,Off Campus,Car,28.0,6.0,4.0,289.48,0.16552764336473336
162,31793,1992-08-13,2014-08-04,2020-05-11,1.0,phsycology,Female,0,17.629632,317.5144,2.0,8.014,94.74,96.24,69.93,88.19,In state,On Campus,Public Transit,27.0,4.0,4.0,349.1,0.2092384390382014
163,32415,1992-08-07,2014-08-04,2020-05-11,1.0,Elementary Education (K-6),Neutral,1,20.720304000000002,317.5144,0.0,6.581933155080214,87.86,75.84,65.55,77.06,In state,On Campus,Public Transit,27.0,6.0,3.0,306.31,0.15147317180753628
164,34176,1992-07-17,2014-08-04,2019-05-13,1.0,CS,Male,1,21.244560000000003,317.5144,0.0,5.522,65.26,77.09,56.32,72.51,Out of state,On Campus,Public Transit,27.0,4.0,5.0,271.18,0.14408954959665218
165,41411,1992-04-17,2014-08-04,2020-05-11,1.0,Fashion Merchandizing,Female,1,20.205192000000004,317.5144,0.0,6.581933155080214,86.76,74.05,48.78,91.14,Out of state,On Campus,Public Transit,27.0,10.0,5.0,300.73,0.1592949478173645
166,42540,1992-04-04,2014-08-04,2019-05-13,1.0,unknown,Female,1,19.90344,317.5144,0.0,5.36,75.06,79.5,59.1,76.46,Out of state,On Campus,Public Transit,27.0,6.0,6.0,290.12,0.16416163823934302
167,44533,1992-03-13,2014-08-04,2020-05-11,1.0,Liberal Studies,Male,0,20.753832000000003,317.5144,0.0,8.755,98.81,80.59,65.46800947867298,81.6,Out of state,On Campus,Public Transit,27.0,10.0,5.0,326.46800947867297,0.15098415462278644
168,45711,1992-02-28,2014-08-04,2019-05-13,1.0,chem,Male,0,24.1554,317.5144,0.0,6.485,81.84,87.51,67.33,77.83,Out of state,unknown,Car,22.0,4.0,7.208651399491094,314.51,0.11145498512274975
169,43692,1991-03-22,2014-08-04,2020-05-11,1.0,biometrics,Female,0,17.623536,317.5144,0.0,6.581933155080214,85.53,89.67,78.05,79.52168316831683,In state,On Campus,Public Transit,27.0,8.0,7.0,332.7716831683168,0.209383215673925
170,21606,1990-12-17,2014-08-04,2020-05-11,1.0,english,Female,1,20.84832,317.5144,0.0,5.671,83.33,94.15,67.51,74.97,In state,On Campus,Public Transit,27.0,2.0,6.0,319.96,0.14961868609144693
171,22186,1989-12-10,2014-08-04,2020-05-11,1.0,Zoology,Male,0,21.326856,317.5144,1.0,8.549,94.41,92.48,73.18,84.32,In state,On Campus,Public Transit,27.0,5.461538461538462,9.0,344.39,0.14297967059894123
172,28642,1987-09-22,2014-08-04,2020-05-11,1.0,Human Development and Family Studies,Female,0,19.949160000000003,317.5144,0.0,6.581933155080214,80.82,69.0,62.53,82.44,In state,unknown,Public Transit,27.0,5.461538461538462,10.0,294.78999999999996,0.16341004072995263
173,44795,1987-03-08,2014-08-04,2019-05-13,1.0,unknown,Female,0,21.317712,317.5144,3.0,6.598,93.0,83.23,86.66,90.94,unknown,On Campus,Public Transit,27.0,5.0,5.0,353.83000000000004,0.14310235604536722
174,47027,1987-02-10,2014-08-04,2019-05-13,1.0,unknown,Female,0,19.120104,317.5144,1.0,7.98,80.74,78.99,59.38,76.49,In state,On Campus,Public Transit,27.0,3.0,11.0,295.59999999999997,0.1778883328353731
175,22416,2000-01-01,2014-08-04,2019-05-13,1.0,unknown,Male,1,20.736081882352945,317.5144,0.0,4.679,76.87,81.84,76.81,76.28,In state,Off Campus,Car,32.0,6.0,2.0,311.8,0.151242750586949
176,20255,1996-01-01,2013-08-05,2018-05-14,2.0,double major english and communications,Female,0,20.0406,317.5144,0.0,7.684,80.46,81.22,46.3,72.24,Out of state,unknown,Car,26.0,5.461538461538462,2.0,280.21999999999997,0.16192224840607786
177,20826,1995-12-25,2013-08-05,2018-05-14,2.0,unknown,Male,0,20.180808,317.5144,0.0,6.229,77.38,67.59,66.59,76.47,In state,On Campus,Public Transit,27.0,9.0,7.0,288.03,0.15968012512352114
178,22494,1995-12-05,2013-08-05,2018-05-14,2.0,premed,Male,1,19.787616,317.5144,0.0,5.139,83.11,75.79,65.43,79.52168316831683,unknown,unknown,Public Transit,27.0,4.0,5.0,303.85168316831687,0.16608905638258412
179,27688,1995-10-02,2013-08-05,2018-05-14,2.0,archaeology,Female,0,21.156168,317.5144,1.0,7.652,86.99,84.61,78.33,84.56,Out of state,On Campus,Public Transit,27.0,5.461538461538462,3.0,334.49,0.14529609798403534
180,29363,1995-09-12,2013-08-05,2019-05-13,2.0,unknown,Female,0,20.400264000000004,317.5144,3.0,6.615,90.33,96.79,69.79,93.01,In state,On Campus,Public Transit,27.0,4.0,7.208651399491094,349.92,0.15626308354523163
181,34623,1995-07-10,2013-08-05,2018-05-14,2.0,unknown,Female,0,20.180808,317.5144,0.0,6.902,78.2,75.92,46.99,81.43,unknown,Off Campus,Car,35.0,7.0,8.0,282.54,0.15968012512352114
182,35350,1995-07-01,2013-08-05,2018-05-14,2.0,unknown,Female,0,17.178528,317.5144,0.0,7.57,87.33,67.42,53.17,87.05,Out of state,On Campus,Public Transit,27.0,7.0,3.0,294.96999999999997,0.2203718264568089
183,36655,1995-06-16,2013-08-05,2019-05-13,2.0,biostatistics,Male,1,19.626072,317.5144,0.0,5.27,81.9,81.98,73.83,73.72,In state,Off Campus,Car,24.0,8.0,6.0,311.42999999999995,0.1688344975959294
184,46265,1995-02-20,2013-08-05,2018-05-14,2.0,bio tech,Male,1,21.326856,317.5144,0.0,5.521,91.92,73.49,63.88,85.42,In state,Off Campus,Public Transit,27.0,8.0,7.208651399491094,314.71,0.14297967059894123
185,22617,1994-12-04,2013-08-05,2018-05-14,2.0,graphic design with a minor in photography,Male,1,22.57044,317.5144,2.0,5.504,82.14,86.18,67.71,76.71,In state,On Campus,Public Transit,27.0,5.0,7.0,312.73999999999995,0.1276579641928529
186,25034,1994-11-04,2013-08-05,2018-05-14,2.0,Secondary Education,Female,0,20.22348,317.5144,0.0,7.403,74.68,75.42,62.08,77.96,In state,On Campus,Public Transit,27.0,5.0,3.0,290.14,0.15900697870271888
187,25221,1994-11-02,2013-08-05,2018-05-14,2.0,World history,Male,1,20.516088000000003,317.5144,0.0,5.02,73.12,87.62,63.49,69.56,In state,On Campus,Public Transit,27.0,6.0,2.0,293.79,0.15450369099385403
188,26961,1994-10-11,2013-08-05,2019-05-13,2.0,unknown,Female,0,18.443448,317.5144,0.0,7.802,83.45,90.41,60.94,76.85,In state,Off Campus,Car,18.0,5.0,4.0,311.65,0.191180562093248
189,27435,1994-10-05,2013-08-05,2019-05-13,2.0,unknown,Female,0,18.995136000000002,317.5144,1.0,6.876,83.83,94.87,73.25,81.85,In state,Off Campus,Car,32.0,1.0,5.0,333.8,0.18023666825412257
190,28084,1994-09-29,2013-08-05,2019-05-13,2.0,architecture,Male,0,21.384768,317.5144,0.0,8.246,91.72,86.81,71.22,81.83,In state,On Campus,Public Transit,27.0,6.0,4.0,331.58,0.14220631389532837
191,28460,1994-09-23,2013-08-05,2018-05-14,2.0,Photography/Photo Illustration,Female,1,20.406360000000003,317.5144,0.0,5.632,77.68,73.78,61.55,86.28,In state,On Campus,Public Transit,27.0,4.0,3.0,299.29,0.15616973642452733
192,28570,1994-09-22,2013-08-05,2019-05-13,2.0,unknown,Male,0,20.705064000000004,317.5144,2.0,6.581933155080214,71.28,66.97,59.05,77.43,In state,On Campus,Public Transit,27.0,9.0,7.208651399491094,274.73,0.1516962380784906
193,29313,1994-09-13,2013-08-05,2018-05-14,2.0,Fashion design,Male,1,19.982688000000003,317.5144,1.0,5.153,86.47,85.19,64.45,79.36,In state,On Campus,Public Transit,27.0,5.0,3.0,315.47,0.16286214491864523
194,31189,1994-08-21,2013-08-05,2019-05-13,2.0,phys ed,Male,1,22.994112,317.5144,0.0,5.886,81.19,89.84,68.4,81.66,In state,On Campus,Public Transit,27.0,8.0,12.0,321.09000000000003,0.12299704582181145
195,31576,1994-08-16,2013-08-05,2018-05-14,2.0,unknown,Female,1,19.818096,317.5144,0.0,5.644,82.78755501222494,80.45,66.51,72.36,In state,On Campus,Public Transit,27.0,8.0,1.0,302.1075550122249,0.16557856319627562
196,32437,1994-08-06,2013-08-05,2019-05-13,2.0,education - social studies,Female,0,18.982944,317.5144,0.0,6.476,74.59,72.61,63.64,78.86,unknown,Off Campus,Car,18.0,6.0,1.0,289.70000000000005,0.18046826047984343
197,32439,1994-08-05,2013-08-05,2018-05-14,2.0,unknown,Female,1,19.949160000000003,317.5144,0.0,5.472,91.44,96.56,76.42,87.32,Out of state,Off Campus,Car,28.0,8.0,7.0,351.74,0.16341004072995263
198,33117,1994-07-28,2013-08-05,2019-05-13,2.0,english literature,Female,1,19.284696,317.5144,0.0,5.303,87.75,81.48,62.87,80.16,In state,On Campus,Public Transit,27.0,5.0,7.0,312.26,0.17486479017261874
199,33377,1994-07-25,2013-08-05,2019-05-13,2.0,unknown,Female,0,17.526,317.5144,0.0,7.708,84.18,87.59,61.3,82.64,In state,On Campus,Public Transit,27.0,8.0,3.0,315.71000000000004,0.21172022684310018
200,33454,1994-07-24,2013-08-05,2018-05-14,2.0,unknown,Female,0,23.256240000000002,317.5144,2.0,7.586,82.78755501222494,76.12,64.49,85.19,In state,Off Campus,Car,37.0,6.0,4.0,308.5875550122249,0.12023999903808001
201,36104,1994-06-23,2013-08-05,2019-05-13,2.0,eudcation,Male,1,21.561552,317.5144,0.0,4.716,76.49,89.04,62.25,67.08,In state,Off Campus,Car,26.0,1.0,10.0,294.86,0.13988396345463514
202,36406,1994-06-18,2013-08-05,2019-05-13,2.0,Marketing & Graphic Design,Female,0,20.790408,317.5144,0.0,7.337,82.46,98.48,60.56,78.51,In state,On Campus,Public Transit,27.0,4.0,8.0,320.01,0.15045337728176789
203,36714,1994-06-16,2013-08-05,2019-05-13,2.0,busieness,Male,0,21.314664000000004,317.5144,3.0,6.905,95.11,94.66,73.25,77.75,In state,On Campus,Public Transit,27.0,6.0,6.0,340.77,0.14314328628642942
204,36693,1994-06-14,2013-08-05,2019-05-13,2.0,Accounting,Female,0,20.619720000000004,317.5144,2.0,9.475,80.53,87.96,64.28,81.96,In state,On Campus,Public Transit,27.0,5.0,5.0,314.73,0.15295456320820008
205,37615,1994-06-02,2013-08-05,2018-05-14,2.0,science education (k-12),Female,1,20.826984,317.5144,3.0,5.769,76.01,79.17,65.63,79.52168316831683,In state,On Campus,Public Transit,27.0,5.0,7.0,300.33168316831683,0.14992539391130275
206,38362,1994-05-26,2013-08-05,2019-05-13,2.0,unknown,Male,0,22.643592,317.5144,0.0,9.071,90.5,84.56,68.59,73.07,In state,On Campus,Public Transit,27.0,4.0,1.0,316.72,0.12683447725650354
207,38549,1994-05-24,2013-08-05,2019-05-13,2.0,chem engineering,Male,0,23.94204,317.5144,0.0,8.142,91.2,89.95,77.45,82.24,unknown,Off Campus,Car,24.0,6.0,3.0,340.84,0.11345030329723048
208,41157,1994-04-21,2013-08-05,2019-05-13,2.0,unknown,Female,0,22.286976000000003,317.5144,0.0,8.512,77.67,92.88,76.91,78.91,Out of state,On Campus,Public Transit,27.0,11.0,4.0,326.37,0.13092593213278492
209,41227,1994-04-19,2013-08-05,2018-05-14,2.0,unknown,Female,0,20.736081882352945,317.5144,0.0,7.296,87.73,80.22,69.55,82.11,In state,On Campus,Public Transit,27.0,5.0,8.0,319.61,0.151242750586949
210,41870,1994-04-11,2013-08-05,2019-05-13,2.0,I am currently exploring options,Female,0,16.764,317.5144,0.0,7.433,86.23,89.19,61.2,88.91,Out of state,unknown,Car,24.0,9.0,3.0,325.53000000000003,0.23140495867768596
211,42217,1994-04-07,2013-08-05,2018-05-14,2.0,unknown,Neutral,1,21.36648,317.5144,0.0,5.617,87.15,91.86,70.96,89.84,Out of state,On Campus,Public Transit,27.0,7.0,4.0,339.80999999999995,0.14244985256440262
212,42783,1994-04-03,2013-08-05,2018-05-14,2.0,Neuroscience,Male,0,18.793968,317.5144,2.0,7.332,87.71,91.03,76.42,84.27,In state,Off Campus,Car,28.0,7.0,2.0,339.43,0.18411577452403707
213,42830,1994-04-02,2013-08-05,2018-05-14,2.0,Econ,Male,1,23.637240000000002,317.5144,0.0,5.238,76.12,88.46,66.48,79.52168316831683,In state,Off Campus,Car,28.0,5.461538461538462,2.0,310.58168316831683,0.11639502976595038
214,42791,1994-04-01,2013-08-05,2019-05-13,2.0,Theology,Female,0,19.360896,317.5144,0.0,9.241,85.62,82.48,82.4,87.1,In state,On Campus,Public Transit,27.0,10.0,5.0,337.6,0.17349104429315584
215,43973,1994-03-17,2013-08-05,2018-05-14,2.0,Mathematics,Female,0,22.58568,317.5144,2.0,8.429,80.53,94.46,76.73,86.66,unknown,On Campus,Public Transit,27.0,12.0,3.0,338.38,0.12748574436194296
216,47506,1994-02-03,2013-08-05,2019-05-13,2.0,Biology,Female,1,19.123152,317.5144,0.0,6.581933155080214,75.09,88.17,72.1,76.65,unknown,On Campus,Public Transit,27.0,8.0,7.0,312.01,0.17783163084104503
217,49879,1994-01-07,2013-08-05,2018-05-14,2.0,exercise science,Male,1,21.973032000000003,317.5144,0.0,5.46,72.8,73.18,53.71,72.41,Out of state,Off Campus,Car,27.0,6.0,4.0,272.1,0.1346939189409302
218,20402,1993-12-31,2013-08-05,2018-05-14,2.0,biz admin,Male,0,19.037808000000002,317.5144,0.0,6.132,74.15,80.96,69.39,75.77,In state,Off Campus,Car,30.0,9.0,7.0,300.27,0.17942959638901526
219,20626,1993-12-28,2013-08-05,2019-05-13,2.0,unknown,Female,0,17.501616000000002,317.5144,2.0,6.619,73.12,81.34,69.47,78.81,In state,Off Campus,Public Transit,53.0,6.0,2.0,302.74,0.21231059317032003
220,20903,1993-12-25,2013-08-05,2019-05-13,2.0,unknown,Male,1,20.113751999999998,317.5144,0.0,5.663,89.95,83.61,61.04,78.86,In state,Off Campus,Car,23.0,5.461538461538462,4.0,313.46,0.16074659536988722
221,22742,1993-12-02,2013-08-05,2018-05-14,2.0,sports med,Female,0,22.698456,317.5144,0.0,7.499,84.14,68.46,47.42,85.33,unknown,On Campus,Public Transit,27.0,4.0,8.0,285.34999999999997,0.1262220799238571
222,23731,1993-11-20,2013-08-05,2019-05-13,2.0,Theater,Male,1,22.155912,317.5144,0.0,5.554,87.83,84.06,63.32,72.53,In state,Off Campus,Public Transit,57.0,4.0,3.0,307.74,0.13247950669779482
223,25714,1993-10-27,2013-08-05,2018-05-14,2.0,unknown,Neutral,0,18.742152,317.5144,0.0,6.32,82.23,86.94,62.51,75.63,In state,unknown,Public Transit,27.0,5.461538461538462,6.0,307.31,0.1851352231637171
224,28053,1993-09-28,2013-08-05,2019-05-13,2.0,math ed,Female,0,20.656296,317.5144,0.0,8.17,88.16,80.86,58.27,78.2,In state,On Campus,Public Transit,27.0,7.0,3.0,305.49,0.1524133710160152
225,28668,1993-09-21,2013-08-05,2019-05-13,2.0,undecided,Male,1,19.851624,317.5144,0.0,6.581933155080214,77.07,86.95,68.02,79.05,In state,unknown,Public Transit,27.0,5.0,12.0,311.09,0.165019734356418
226,29238,1993-09-14,2013-08-05,2018-05-14,2.0,Urban studies,Male,1,23.298912,317.5144,0.0,5.232,86.46,91.52,74.07,78.15,In state,Off Campus,Car,33.0,8.0,13.0,330.2,0.11979996281409155
227,30418,1993-08-31,2013-08-05,2019-05-13,2.0,nursing,Neutral,0,19.7358,317.5144,0.0,6.52,96.16,78.02,58.29,79.61,unknown,Off Campus,Car,40.0,7.0,7.208651399491094,312.08,0.1669623291244913
228,30720,1993-08-27,2013-08-05,2018-05-14,2.0,pan-african studies and english,Male,0,19.760184,317.5144,0.0,6.897,82.06,78.72,73.13,73.33,In state,Off Campus,Car,21.0,13.0,12.0,307.24,0.16655052147087238
229,35687,1993-06-26,2013-08-05,2019-05-13,2.0,Sociology,Female,0,17.474184,317.5144,0.0,8.525,81.74,83.16,46.25,84.22,In state,On Campus,Public Transit,27.0,8.0,7.0,295.37,0.2129777116694961
230,36368,1993-06-19,2013-08-05,2019-05-13,2.0,unknown,Male,1,22.847808,317.5144,0.0,4.642,68.77,85.45,64.91,70.19,Out of state,Off Campus,Public Transit,40.0,10.0,7.208651399491094,289.32,0.12457729145334291
231,36336,1993-06-18,2013-08-05,2018-05-14,2.0,Economics,Female,0,20.634960000000003,317.5144,0.0,8.103,82.15,96.24,67.59,79.11,In state,Off Campus,Car,26.0,3.0,4.0,325.09000000000003,0.15272871670786706
232,37105,1993-06-08,2013-08-05,2018-05-14,2.0,Undecided,Female,1,20.162520000000004,317.5144,2.0,6.651,76.62,79.86,59.55,82.14,In state,Off Campus,Car,24.0,5.0,3.0,298.17,0.15996992565397702
233,37421,1993-06-07,2013-08-05,2018-05-14,2.0,Englis,Male,1,21.445728000000003,317.5144,0.0,5.755,82.78755501222494,92.05,78.63,78.19,In state,Off Campus,Public Transit,51.0,4.0,5.0,331.657555012225,0.14139901314800743
234,37301,1993-06-06,2013-08-05,2018-05-14,2.0,unknown,Female,0,20.736081882352945,317.5144,2.0,7.623,90.83,90.28,66.51,78.65,Out of state,Off Campus,Public Transit,43.0,7.0,1.0,326.27,0.151242750586949
235,38418,1993-05-25,2013-08-05,2018-05-14,2.0,unknown,Male,0,20.418552,317.5144,0.0,7.08,69.32,66.09,51.08,80.44,In state,On Campus,Public Transit,27.0,7.0,5.0,266.93,0.15598329294145966
236,38724,1993-05-21,2013-08-05,2019-05-13,2.0,I'm not answering this. This survey is too long and I am b,Female,1,19.196304,317.5144,0.0,5.536,80.71,80.56,65.46800947867298,75.48,In state,On Campus,Public Transit,27.0,4.0,4.0,302.21800947867297,0.17647887532735573
237,41156,1993-04-21,2013-08-05,2019-05-13,2.0,unknown,Female,1,20.302728000000002,317.5144,0.0,5.083,82.78755501222494,81.11,72.83,90.81,unknown,Off Campus,Car,27.0,6.0,16.0,327.53755501222497,0.15776809176856024
238,41503,1993-04-19,2013-08-05,2019-05-13,2.0,unknown,Male,0,20.83308,317.5144,0.0,6.326,85.29,72.55,65.46800947867298,80.46,In state,On Campus,Public Transit,27.0,5.0,13.0,303.768009478673,0.14983766694190423
239,43678,1993-03-24,2013-08-05,2018-05-14,2.0,business admin,Neutral,1,20.467320000000004,317.5144,0.0,5.108,73.31,81.99,73.2,74.14,In state,On Campus,Public Transit,27.0,2.0,4.0,302.64,0.1552408478589792
240,43971,1993-03-18,2013-08-05,2019-05-13,2.0,unknown,Female,1,19.720560000000003,317.5144,0.0,6.093,83.27,80.54,70.55,86.27,In state,On Campus,Public Transit,27.0,4.0,7.208651399491094,320.63,0.16722048498718373
241,45902,1993-02-24,2013-08-05,2019-05-13,2.0,unknown,Male,0,19.879056000000002,317.5144,2.0,6.581933155080214,85.16,83.96,64.56,90.62,In state,On Campus,Public Transit,27.0,10.0,6.0,324.29999999999995,0.16456461234548675
242,46663,1993-02-13,2013-08-05,2018-05-14,2.0,unknown,Female,0,21.570696,317.5144,1.0,6.391,84.79,87.04,64.34,76.01,Out of state,On Campus,Public Transit,27.0,5.0,5.0,312.18,0.13976539260727727
243,47339,1993-02-04,2013-08-05,2019-05-13,2.0,unknown,Female,1,20.308824,317.5144,0.0,6.092,69.78,77.16,62.23,78.04,In state,Off Campus,Car,32.0,10.0,13.0,287.21,0.15767339303613837
244,47912,1993-01-29,2013-08-05,2019-05-13,2.0,Comm,Male,0,19.601688000000003,317.5144,0.0,6.581933155080214,88.02,81.46,57.78,80.37,Out of state,On Campus,Public Transit,27.0,4.0,4.0,307.63,0.16925481048164093
245,48764,1993-01-16,2013-08-05,2018-05-14,2.0,unknown,Female,0,18.574512,317.5144,2.0,6.29,85.55,88.08,72.74,89.31,In state,Off Campus,Car,31.0,6.0,7.208651399491094,335.68,0.18849209447999288
246,49386,1993-01-11,2013-08-05,2019-05-13,2.0,Spanish,Female,0,20.826984,317.5144,0.0,8.678,82.78755501222494,70.5,57.16,90.66,In state,On Campus,Public Transit,27.0,6.0,11.0,301.1075550122249,0.14992539391130275
247,27037,1992-10-11,2013-08-05,2019-05-13,2.0,botany,Male,0,25.115520000000004,317.5144,2.0,6.698,72.66,74.61,63.23,71.7,Out of state,On Campus,Public Transit,27.0,9.0,4.0,282.2,0.10309642756150436
248,29009,1992-09-17,2013-08-05,2019-05-13,2.0,music,Female,0,18.327624,317.5144,3.0,8.598,75.56,75.68,57.47,74.78,In state,On Campus,Public Transit,27.0,3.0,3.0,283.49,0.1936045823881396
249,32224,1992-08-09,2013-08-05,2018-05-14,2.0,I want to be a doctor,Male,1,23.0124,317.5144,0.0,5.031,82.78755501222494,77.85,63.79,85.42,In state,Off Campus,Car,25.0,7.0,4.0,309.8475550122249,0.12280163150739003
250,32712,1992-08-03,2013-08-05,2018-05-14,2.0,Exercise Science (Exercise Specialist),Male,0,20.668488,317.5144,2.0,5.99,90.29,78.63,65.35,76.83,In state,Off Campus,Car,27.0,3.0,9.0,311.09999999999997,0.1522336117852825
251,37553,1992-06-06,2013-08-05,2019-05-13,2.0,unknown,Male,0,20.793456,317.5144,0.0,8.221,82.86,80.98,67.23,79.49,In state,Off Campus,Car,18.0,3.0,5.0,310.56,0.15040927222453854
252,39290,1992-05-14,2013-08-05,2019-05-13,2.0,unknown,Female,0,17.349216000000002,317.5144,3.0,6.813,90.43,80.36,57.17,87.33,unknown,On Campus,Public Transit,27.0,8.0,7.0,315.29,0.21605695804643024
253,40193,1992-05-05,2013-08-05,2018-05-14,2.0, spanish language education,Male,0,24.508968,317.5144,2.0,6.832,89.53,83.73,72.98,81.03,Out of state,On Campus,Public Transit,27.0,4.0,4.0,327.27,0.1082624661407204
254,45784,1992-02-25,2013-08-05,2019-05-13,2.0,unknown,Female,0,18.653760000000002,317.5144,2.0,6.581933155080214,82.78755501222494,80.79,65.46800947867298,76.25,Out of state,Off Campus,Car,27.0,2.0,5.0,305.29556449089796,0.1868939296851638
255,46911,1992-02-11,2013-08-05,2019-05-13,2.0,unknown,Female,0,23.460456,317.5144,0.0,7.153,77.36,80.47,72.62,89.02,In state,On Campus,Public Transit,27.0,5.0,4.0,319.47,0.11815580595096442
256,47007,1992-02-10,2013-08-05,2019-05-13,2.0,it was biology but I switched to psych,Female,1,19.546824,317.5144,0.0,5.551,83.71,83.97,69.37,81.64,In state,On Campus,Public Transit,27.0,6.0,5.0,318.69,0.17020627225188664
257,48816,1992-01-19,2013-08-05,2018-05-14,2.0,Bio,Female,0,20.500848,317.5144,2.0,6.581933155080214,86.89,74.5,66.02,83.58,In state,On Campus,Public Transit,27.0,7.0,5.0,310.98999999999995,0.1547334874832545
258,49445,1992-01-13,2013-08-05,2019-05-13,2.0,music tech (production),Male,1,24.600407999999998,317.5144,3.0,4.93,93.57,85.35,66.54,82.41,In state,Off Campus,Car,31.0,10.0,7.208651399491094,327.87,0.10745913624561207
259,22417,1991-12-07,2013-08-05,2019-05-13,2.0,Business,Female,0,17.43456,317.5144,0.0,6.581933155080214,83.75,81.54,51.95,77.56,In state,On Campus,Public Transit,27.0,13.0,4.0,294.8,0.21394689226857058
260,26199,1991-10-22,2013-08-05,2018-05-14,2.0,bphil,Female,0,19.775424,317.5144,0.0,7.99,83.2,76.03,54.85,85.8,In state,Off Campus,Car,20.0,2.0,8.0,299.88,0.16629391489704604
261,29464,1991-09-12,2013-08-05,2018-05-14,2.0,wissenschaft,Female,0,20.232624,317.5144,0.0,9.597,85.52,80.77,50.11,83.67,In state,Off Campus,Car,18.0,5.461538461538462,9.0,300.07,0.15886328688503684
262,29529,1991-09-11,2013-08-05,2019-05-13,2.0,communications,Female,1,21.317712,317.5144,0.0,4.637,89.68,90.6,69.89,80.68,In state,Off Campus,Car,28.0,5.461538461538462,2.0,330.85,0.14310235604536722
263,29757,1991-09-09,2013-08-05,2019-05-13,2.0,unknown,Male,1,22.308312,317.5144,0.0,5.835,78.74,81.77,70.19,75.83,In state,Off Campus,Car,20.0,3.0,9.0,306.53,0.1306756128933595
264,40601,1991-04-30,2013-08-05,2019-05-13,2.0,sociology,Male,1,21.451824,317.5144,0.0,6.581933155080214,70.35,64.6,60.57,75.92,Out of state,Off Campus,Car,35.0,9.0,6.0,271.43999999999994,0.14131866138764754
265,41147,1991-04-24,2013-08-05,2018-05-14,2.0,unknown,Male,0,22.253448000000002,317.5144,0.0,6.581933155080214,75.58,74.57,63.84,79.52168316831683,Out of state,unknown,Public Transit,27.0,4.0,3.0,293.51168316831684,0.13132074658996132
266,47835,1991-01-29,2013-08-05,2019-05-13,2.0,Undecided,Female,0,22.838664000000005,317.5144,0.0,9.244,83.79,95.46,67.86,80.03,In state,On Campus,Public Transit,27.0,8.0,4.0,327.14000000000004,0.12467706636074
267,26262,1990-10-22,2013-08-05,2018-05-14,2.0,"Double major in Sociology and Psychology,minor in history",Male,0,20.311872,317.5144,0.0,7.207,83.59,81.11,83.54,76.56,In state,Off Campus,Car,28.0,8.0,11.0,324.80000000000007,0.15762607564034015
268,28689,1990-09-22,2013-08-05,2018-05-14,2.0,journalism,Male,0,18.437352,317.5144,3.0,8.001,90.64,91.65,70.38,78.62,In state,Off Campus,Car,38.0,10.0,3.0,331.29,0.19130700426048897
269,39867,1990-05-08,2013-08-05,2019-05-13,2.0,biology,Male,0,20.138136,317.5144,2.0,8.929,86.91,82.0708,73.52,75.85,Out of state,Off Campus,Car,30.0,8.0,6.0,318.35079999999994,0.16035755519696046
270,22054,1989-12-12,2013-08-05,2018-05-14,2.0,unknown,Male,1,21.845016,317.5144,0.0,6.581933155080214,84.96,86.06,56.81,72.0,unknown,Off Campus,Car,30.0,8.0,3.0,299.83,0.13627720918059064
271,33017,2000-01-01,2013-08-05,2019-05-13,2.0,undecided but leaning toward business,Male,1,21.726144,317.5144,0.0,4.717,76.75,81.1,51.11,74.47,In state,On Campus,Public Transit,27.0,3.0,2.0,283.43,0.13777253769771539
272,29103,1994-09-16,2012-08-06,2018-05-14,3.0,eduactaion,Male,0,23.963376000000004,317.5144,2.0,6.581933155080214,82.87,83.06,71.03,69.87,In state,Off Campus,Walk,18.0,7.0,9.0,306.83000000000004,0.11324837030741625
273,20758,1993-12-26,2012-08-06,2018-05-14,3.0,International Bussness,Male,1,19.543776,317.5144,0.0,5.005,79.11,83.4,64.08,84.12,In state,Off Campus,Car,23.0,5.0,10.0,310.71000000000004,0.17025936630825933
274,21345,1993-12-19,2012-08-06,2018-05-14,3.0,chemistry,Male,1,22.192488,317.5144,0.0,6.581933155080214,82.78755501222494,90.42,75.93,79.71,In state,Off Campus,Car,44.0,5.461538461538462,19.0,328.8475550122249,0.1320431809119283
275,21389,1993-12-19,2012-08-06,2017-05-08,3.0,dance,Female,1,19.930872,317.5144,0.0,6.581933155080214,78.95,79.34,64.38,79.52168316831683,In state,Off Campus,Car,33.0,4.0,5.0,302.19168316831684,0.16371005910143618
276,22961,1993-11-30,2012-08-06,2017-05-08,3.0,broadcast journalism,Male,1,21.253704000000003,317.5144,0.0,5.585,82.18,81.02,66.15,79.47,Out of state,Off Campus,Car,40.0,11.0,6.0,308.82000000000005,0.14396559271693696
277,23155,1993-11-27,2012-08-06,2018-05-14,3.0,Anthropology,Female,1,21.211032000000003,317.5144,0.0,5.951,82.78755501222494,84.15,73.84,85.49,In state,Off Campus,Car,25.0,3.0,7.0,326.26755501222493,0.14454543053589536
278,24480,1993-11-11,2012-08-06,2017-05-08,3.0,comm studies,Male,1,23.527512,317.5144,0.0,5.392,86.69,80.53,63.2,70.74,Out of state,Off Campus,Walk,15.0,9.0,7.0,301.15999999999997,0.11748325162960599
279,26776,1993-10-14,2012-08-06,2017-05-08,3.0,Composition,Female,0,21.488400000000002,317.5144,1.0,7.744,79.69,84.04,64.38,80.86,In state,Off Campus,Walk,12.0,5.0,10.0,308.97,0.14083798601679995
280,27203,1993-10-08,2012-08-06,2017-05-08,3.0,"triple major in math,stats,and biology",Female,0,23.478744000000003,317.5144,0.0,7.423,89.33,95.46,82.45,86.08,In state,Off Campus,Bike,8.0,4.0,12.0,353.32,0.1179718104336595
281,27365,1993-10-07,2012-08-06,2017-05-08,3.0,poli sci,Female,0,22.677120000000002,317.5144,1.0,8.37,78.66,79.62,52.03,85.68,In state,Off Campus,Bike,6.0,4.0,3.0,295.99,0.12645970632443054
282,27958,1993-09-30,2012-08-06,2017-05-08,3.0,Pre-Law,Male,0,20.019264000000003,317.5144,0.0,6.881,82.78755501222494,88.39,70.57,78.42,Out of state,Off Campus,Car,28.0,5.461538461538462,6.0,320.16755501222497,0.16226757719485904
283,28874,1993-09-18,2012-08-06,2018-05-14,3.0,unknown,Female,1,19.08048,317.5144,0.0,5.824,83.14,83.74,53.37,81.09,Out of state,Off Campus,Car,31.0,10.0,12.0,301.34,0.17862793332584798
284,29507,1993-09-11,2012-08-06,2018-05-14,3.0,unknown,Female,0,21.759672000000002,317.5144,0.0,8.193,94.85,86.33,68.35,79.52168316831683,In state,Off Campus,Public Transit,27.0,5.0,12.0,329.0516831683168,0.1373482961090346
285,30904,1993-08-24,2012-08-06,2017-05-08,3.0,unknown,Female,0,18.879312,317.5144,1.0,6.075,77.66,66.99,59.6,76.33,In state,Off Campus,Car,19.0,3.0,3.0,280.58,0.18245494483657201
286,31160,1993-08-20,2012-08-06,2018-05-14,3.0,unknown,Female,1,20.613623999999998,317.5144,1.0,5.413,81.45,88.5,64.31,77.29,Out of state,On Campus,Public Transit,27.0,5.0,9.0,311.55,0.1530450420960227
287,32069,1993-08-11,2012-08-06,2017-05-08,3.0,film studies,Male,1,21.564600000000002,317.5144,0.0,5.595,82.54,83.33,69.79,83.66,In state,Off Campus,Public Transit,64.0,6.0,4.0,319.32000000000005,0.13984442307932426
288,32440,1993-08-05,2012-08-06,2017-05-08,3.0,unknown,Female,1,19.537679999999998,317.5144,0.0,4.779,89.73,84.52,71.87,86.49,In state,Off Campus,Car,17.0,2.0,7.0,332.61,0.17036562897773325
289,32657,1993-08-04,2012-08-06,2017-05-08,3.0,unknown,Male,0,23.646384,317.5144,0.0,6.333,78.08,70.9,61.43,79.37,In state,Off Campus,Car,30.0,3.0,17.0,289.78000000000003,0.11630502781318436
290,33204,1993-07-28,2012-08-06,2017-05-08,3.0,unknown,Male,1,22.975824,317.5144,0.0,5.141,92.32,86.05,62.61,79.61,In state,On Campus,Public Transit,27.0,8.0,3.0,320.59,0.12319292695201482
291,34212,1993-07-15,2012-08-06,2018-05-14,3.0,epidemiology,Female,1,21.232368,317.5144,1.0,5.795,82.98,84.31,67.97,90.9,Out of state,Off Campus,Walk,10.0,6.0,16.0,326.16,0.14425507462562306
292,36657,1993-06-15,2012-08-06,2018-05-14,3.0,Chemstry,Female,0,21.552408,317.5144,2.0,8.232,91.91,91.58,67.08,85.88,In state,Off Campus,Car,28.0,3.0,9.0,336.44999999999993,0.14000268525150317
293,37328,1993-06-08,2012-08-06,2018-05-14,3.0,jhlksjhreksh,Male,1,20.736081882352945,317.5144,2.0,5.867,88.57,83.81,63.18,75.69,In state,Off Campus,Car,30.0,5.0,9.0,311.25,0.151242750586949
294,37333,1993-06-07,2012-08-06,2018-05-14,3.0,political science,Female,0,19.705320000000004,317.5144,0.0,6.566,89.12,82.0708,69.9,86.33,In state,Off Campus,Car,30.0,4.0,15.0,327.4208,0.16747924005098544
295,37881,1993-05-30,2012-08-06,2017-05-08,3.0,unknown,Female,0,23.570184,317.5144,0.0,7.394,82.78755501222494,80.21,63.59,86.54,Out of state,Off Campus,Car,23.0,6.0,5.0,313.12755501222495,0.11705824796679438
296,38631,1993-05-23,2012-08-06,2018-05-14,3.0,unknown,Male,1,20.747736,317.5144,0.0,6.581933155080214,94.67,94.17,81.01,86.68,unknown,Off Campus,Car,32.0,7.0,8.0,356.53000000000003,0.15107289053307993
297,39033,1993-05-17,2012-08-06,2017-05-08,3.0,biology,Female,1,20.631912,317.5144,0.0,5.791,80.97,70.75,60.08,76.89,Out of state,Off Campus,Car,28.0,7.0,9.0,288.68999999999994,0.15277384597310295
298,39816,1993-05-07,2012-08-06,2018-05-14,3.0,unknown,Female,0,19.495008000000002,317.5144,3.0,8.274,78.85,85.44,62.8,76.39,Out of state,Off Campus,Car,26.0,1.0,14.0,303.48,0.17111226098550492
299,40662,1993-04-29,2012-08-06,2018-05-14,3.0,English with minor in spanish,Male,1,23.201376000000003,317.5144,2.0,5.671,81.41,74.4,65.1,76.24,Out of state,Off Campus,Car,25.0,4.0,4.0,297.15,0.12080933139559767
300,40916,1993-04-25,2012-08-06,2017-05-08,3.0,biotechnology,Female,0,21.488400000000002,317.5144,0.0,7.276,91.25,97.69,77.73,83.53,Out of state,Off Campus,Car,27.0,6.0,7.208651399491094,350.2,0.14083798601679995
301,42216,1993-04-09,2012-08-06,2017-05-08,3.0,nursing,Male,0,21.232368,317.5144,1.0,7.767,87.73,80.76,54.12,71.37,Out of state,Off Campus,Car,25.0,2.0,4.0,293.98,0.14425507462562306
302,42474,1993-04-06,2012-08-06,2018-05-14,3.0,epidemeology,Female,0,20.619720000000004,317.5144,0.0,7.266,81.29,84.1,65.46800947867298,74.3,Out of state,Off Campus,Walk,14.0,2.0,6.0,305.15800947867297,0.15295456320820008
303,43255,1993-03-29,2012-08-06,2017-05-08,3.0,polisci,Male,0,19.982688000000003,317.5144,1.0,6.363,79.12,76.14,72.92,71.0,In state,Off Campus,Car,23.0,7.0,4.0,299.18,0.16286214491864523
304,48033,1993-01-26,2012-08-06,2017-05-08,3.0,unknown,Female,1,20.982432000000003,317.5144,0.0,4.621,83.89,75.34,53.49,72.11,In state,Off Campus,Walk,11.0,5.0,7.208651399491094,284.83,0.14771218306451964
305,20243,1993-01-02,2012-08-06,2017-05-08,3.0,spanish,Female,0,20.113751999999998,317.5144,1.0,8.097,81.96,82.52,64.05,81.58,In state,Off Campus,Car,21.0,3.0,7.0,310.10999999999996,0.16074659536988722
306,22029,1992-12-11,2012-08-06,2018-05-14,3.0,unknown,Female,1,19.863816,317.5144,0.0,6.33,78.98,91.92,74.43,77.14,Out of state,Off Campus,Bike,13.0,7.0,22.0,322.47,0.16481722511412356
307,22147,1992-12-09,2012-08-06,2018-05-14,3.0,statistics,Female,0,18.644616000000003,317.5144,2.0,7.12,85.67,91.34,65.46800947867298,88.33,In state,Off Campus,Bike,4.0,5.0,15.0,330.808009478673,0.18707729384356153
308,22938,1992-11-30,2012-08-06,2018-05-14,3.0,mechanical engineering,Male,0,22.506432000000004,317.5144,0.0,6.43,75.56,82.0708,57.61,79.52168316831683,Out of state,Off Campus,Car,23.0,3.0,9.0,294.76248316831686,0.1283851119048653
309,23514,1992-11-22,2012-08-06,2017-05-08,3.0,religious studies,Female,0,20.736081882352945,317.5144,2.0,8.314,87.76,80.41,46.68,83.13,Out of state,Off Campus,Car,32.0,0.0,4.0,297.98,0.151242750586949
310,25866,1992-10-25,2012-08-06,2017-05-08,3.0,Geography,Female,1,20.509992000000004,317.5144,0.0,6.212,77.78,85.61,65.15,76.63,In state,Off Campus,Car,27.0,5.0,10.0,305.17,0.15459554812083479
311,26223,1992-10-20,2012-08-06,2017-05-08,3.0,unknown,Female,0,20.321016,317.5144,0.0,6.581933155080214,87.29,89.62,69.11,79.52168316831683,In state,Off Campus,Car,39.0,4.0,17.0,325.54168316831687,0.15748425118117126
312,26843,1992-10-13,2012-08-06,2017-05-08,3.0,natural science,Female,0,17.446752,317.5144,0.0,6.581933155080214,81.0,86.66,69.38,79.52168316831683,In state,Off Campus,Car,25.0,9.0,8.0,316.5616831683168,0.21364797942728667
313,27177,1992-10-09,2012-08-06,2017-05-08,3.0,unknown,Female,1,19.549872,317.5144,0.0,5.974,88.15,73.14,46.66,85.12,In state,Off Campus,Car,22.0,7.0,10.0,293.07,0.17015320302709355
314,27638,1992-10-04,2012-08-06,2018-05-14,3.0,graphic design,Male,0,21.332952,317.5144,0.0,7.46,82.78755501222494,69.84,60.41,86.99,Out of state,Off Campus,Walk,16.0,5.0,5.0,300.0275550122249,0.14289796793169543
315,28044,1992-09-29,2012-08-06,2017-05-08,3.0,Psyc,Male,0,22.667976000000003,317.5144,0.0,6.581933155080214,85.18,96.12,73.09,75.36,In state,Off Campus,Car,33.0,4.0,9.0,329.75,0.12656175167539283
316,49806,1992-09-22,2012-08-06,2017-05-08,3.0,Art education,Female,0,19.269456,317.5144,3.0,7.616,78.3,82.0708,77.03,78.7,In state,On Campus,Public Transit,27.0,3.0,4.0,316.1008,0.17514149681527708
317,29967,1992-09-06,2012-08-06,2017-05-08,3.0,pre-med,Male,0,22.640544000000002,317.5144,0.0,6.091,73.27,82.94,70.89,76.99,In state,Off Campus,Car,30.0,6.0,19.0,304.09,0.1268686299260914
318,30337,1992-08-31,2012-08-06,2017-05-08,3.0,unknown,Female,1,19.796760000000003,317.5144,0.0,5.619,81.75,81.38,56.27,82.77,In state,Off Campus,Car,27.0,4.0,8.0,302.16999999999996,0.16593566081802724
319,33162,1992-07-28,2012-08-06,2018-05-14,3.0,social work,Male,0,20.736081882352945,317.5144,2.0,5.451,81.73,86.8,67.03,77.71,In state,On Campus,Public Transit,27.0,6.0,10.0,313.27,0.151242750586949
320,34690,1992-07-08,2012-08-06,2018-05-14,3.0,unknown,Female,0,17.391888,317.5144,2.0,7.993,83.34,75.52,67.0,78.89,In state,On Campus,Public Transit,27.0,2.0,14.0,304.75,0.21499804228925493
321,36009,1992-06-25,2012-08-06,2017-05-08,3.0,English - Creative writing,Male,0,21.936456,317.5144,0.0,7.954,84.25,84.65,60.12,83.74,In state,Off Campus,Bike,12.0,5.0,14.0,312.76,0.1351434602853624
322,38020,1992-05-29,2012-08-06,2018-05-14,3.0,creative writing,Female,0,19.028664,317.5144,1.0,7.17,86.2,79.24,59.85,75.76,unknown,Off Campus,Walk,15.0,3.0,11.0,301.05,0.17960208337390415
323,39181,1992-05-17,2012-08-06,2017-05-08,3.0,unknown,Male,0,20.736081882352945,317.5144,2.0,8.892,88.44,72.81,62.49,79.9,In state,Off Campus,Walk,18.0,2.0,6.0,303.64,0.151242750586949
324,40229,1992-05-04,2012-08-06,2017-05-08,3.0,Liberal Studies,Male,0,22.363176000000003,317.5144,0.0,7.383,84.12,86.28,67.47,78.8,In state,Off Campus,Car,31.0,6.0,8.0,316.66999999999996,0.13003522152586708
325,41425,1992-04-17,2012-08-06,2017-05-08,3.0,unknown,Female,0,18.979896000000004,317.5144,1.0,6.581933155080214,79.44,91.34,68.44,80.72,Out of state,Off Campus,Car,31.0,3.0,7.0,319.94,0.18052622828175985
326,44698,1992-03-08,2012-08-06,2018-05-14,3.0,unknown,Female,0,20.07108,317.5144,0.0,7.135,83.97,80.5,69.57,84.09,In state,Off Campus,Car,32.0,2.0,4.0,318.13,0.16143083063657368
327,45041,1992-03-04,2012-08-06,2017-05-08,3.0,unknown,Female,0,20.089368,317.5144,0.0,6.581933155080214,81.02,88.09,68.74,83.97,In state,Off Campus,Car,27.0,6.0,10.0,321.82,0.1611370530256693
328,45095,1992-03-03,2012-08-06,2017-05-08,3.0,fine arts,Female,1,21.204936,317.5144,0.0,5.153,84.5,76.92,68.0,92.34,Out of state,Off Campus,Car,32.0,6.0,9.0,321.76,0.14462855039072542
329,45788,1992-02-24,2012-08-06,2018-05-14,3.0,Public Relations,Female,1,20.736081882352945,317.5144,0.0,5.772,83.46,87.08,64.73,85.32,In state,Off Campus,Car,25.0,6.0,5.0,320.59,0.151242750586949
330,46912,1992-02-13,2012-08-06,2018-05-14,3.0,unknown,Male,0,18.92808,317.5144,2.0,7.973,82.78755501222494,81.27,65.46800947867298,76.42,In state,Off Campus,Car,32.0,7.0,5.0,305.94556449089794,0.18151596951568943
331,47122,1992-02-07,2012-08-06,2018-05-14,3.0,unknown,Female,0,18.900648,317.5144,0.0,7.186,77.71,99.35,85.57,87.08,In state,Off Campus,Car,29.0,9.0,6.0,349.71,0.18204324874277683
332,47676,1992-02-03,2012-08-06,2017-05-08,3.0,early childhood education,Male,0,20.736081882352945,317.5144,1.0,7.109,88.45,88.33,71.93,78.05,In state,Off Campus,Car,32.0,5.461538461538462,18.0,326.76,0.151242750586949
333,48702,1992-01-22,2012-08-06,2018-05-14,3.0,unknown,Male,0,19.037808000000002,317.5144,2.0,7.853,84.65,68.73,55.84,73.04,Out of state,Off Campus,Car,32.0,7.0,4.0,282.26,0.17942959638901526
334,48976,1992-01-19,2012-08-06,2018-05-14,3.0,unknown,Male,1,22.405848000000002,317.5144,2.0,5.845,85.37,71.2,58.1,77.72,In state,Off Campus,Car,20.0,4.0,8.0,292.39,0.1295403882965737
335,49137,1992-01-17,2012-08-06,2018-05-14,3.0,Philosophey,Male,1,19.924776,317.5144,2.0,5.941,79.81,66.57,60.05,77.09,In state,Off Campus,Walk,16.0,7.0,9.0,283.52,0.1638102488537436
336,49165,1992-01-16,2012-08-06,2018-05-14,3.0,unknown,Neutral,1,20.214336,317.5144,2.0,5.846,90.18,91.35,61.72,75.24,In state,Off Campus,Car,26.0,4.0,9.0,318.49,0.15915086556244462
337,49931,1992-01-08,2012-08-06,2018-05-14,3.0,unknown,Male,1,20.58924,317.5144,0.0,5.14,84.34,82.0708,63.7,75.77,In state,Off Campus,Public Transit,62.0,5.0,10.0,305.8808,0.1534077616657015
338,23871,1991-11-20,2012-08-06,2018-05-14,3.0,military history,Male,0,20.736081882352945,317.5144,0.0,6.992,100.78,73.73,60.88,83.99,In state,Off Campus,Car,22.0,4.0,6.0,319.38,0.151242750586949
339,26771,1991-10-15,2012-08-06,2018-05-14,3.0,Special Education,Female,1,20.753832000000003,317.5144,1.0,6.641,92.2,83.69,69.35,91.78,In state,Off Campus,Car,24.0,4.0,7.208651399491094,337.02,0.15098415462278644
340,30329,1991-09-02,2012-08-06,2018-05-14,3.0,unknown,Male,0,20.723352,317.5144,2.0,6.082,82.28,81.52,65.08,77.4,In state,Off Campus,Car,20.0,5.0,14.0,306.28,0.1514286175988479
341,31549,1991-08-18,2012-08-06,2017-05-08,3.0,sports medicine,Male,0,21.735288,317.5144,0.0,7.452,76.51,80.59,71.18,84.17,Out of state,Off Campus,Bike,10.0,5.0,7.208651399491094,312.45,0.13765664072055306
342,35681,1991-06-28,2012-08-06,2018-05-14,3.0,Arcitecture,Female,0,18.544032,317.5144,0.0,7.374,85.45,82.44,46.14,76.75,In state,Off Campus,Car,29.0,9.0,12.0,290.78,0.18911223584262574
343,36100,1991-06-23,2012-08-06,2018-05-14,3.0,unknown,Male,0,19.967448,317.5144,0.0,6.798,95.86,81.47,65.64,87.96,In state,Off Campus,Car,24.0,4.0,16.0,330.93,0.16311084633301534
344,36863,1991-06-13,2012-08-06,2017-05-08,3.0,unknown,Female,1,20.074128,317.5144,0.0,5.079,89.37,82.52,60.47,79.52168316831683,In state,Off Campus,Car,35.0,5.0,9.0,311.88168316831684,0.16138181193780918
345,49821,1991-05-24,2012-08-06,2017-05-08,3.0,Biology (Pre-med),Female,1,20.796504000000002,317.5144,1.0,5.637,71.93,67.04,62.64,79.52168316831683,Out of state,Off Campus,Car,32.0,4.0,7.208651399491094,281.13168316831684,0.15036518655840916
346,41406,1991-04-19,2012-08-06,2018-05-14,3.0,spanish and french,Female,0,18.190464000000002,317.5144,0.0,7.136,83.86,74.11,61.29,82.26,In state,Off Campus,Bike,8.0,6.0,9.0,301.52,0.1965352298945583
347,46722,1991-02-13,2012-08-06,2018-05-14,3.0,physik,Female,1,21.88464,317.5144,1.0,6.481,97.49,78.84,64.89,88.09,unknown,Off Campus,Car,21.0,5.461538461538462,10.0,329.31,0.1357841729967955
348,48295,1991-01-25,2012-08-06,2018-05-14,3.0,unknown,Female,0,19.772376,317.5144,0.0,6.895,84.41,84.5,72.06,91.38,In state,Off Campus,Car,24.0,3.0,19.0,332.35,0.1663451887470141
349,21256,1990-12-21,2012-08-06,2018-05-14,3.0,Pre-law,Female,0,19.208496,317.5144,0.0,8.232,77.96,80.23,56.93,77.73,In state,Off Campus,Car,22.0,5.461538461538462,6.0,292.85,0.1762549173862987
350,24904,1990-11-06,2012-08-06,2018-05-14,3.0,unknown,Female,0,17.888712,317.5144,0.0,7.024,86.8,83.24,64.88,86.69,In state,Off Campus,Car,38.0,6.0,8.0,321.61,0.20322157878722066
351,25251,1990-11-03,2012-08-06,2018-05-14,3.0,management,Male,1,22.625304000000003,317.5144,0.0,4.631,93.63,98.19,79.65,73.97,In state,On Campus,Public Transit,27.0,4.0,4.0,345.44,0.1270396003668105
352,26034,1990-10-24,2012-08-06,2017-05-08,3.0,aaaaaaaaaaaaaa,Female,1,20.308824,317.5144,0.0,6.581933155080214,89.29,96.8,93.78,88.77,Out of state,Off Campus,Car,22.0,7.0,10.0,368.64000000000004,0.15767339303613837
353,30424,1990-09-01,2012-08-06,2018-05-14,3.0,unknown,Male,0,22.69236,317.5144,0.0,8.047,79.59,83.55,67.99,73.9,Out of state,Off Campus,Car,27.0,1.0,11.0,305.03,0.12628990479094282
354,30968,1990-08-24,2012-08-06,2017-05-08,3.0,Geology,Female,0,21.829776000000003,317.5144,0.0,6.989,78.0,81.51,62.14,74.13,In state,Off Campus,Car,36.0,3.0,7.208651399491094,295.78,0.1364675537473561
355,31419,1990-08-20,2012-08-06,2018-05-14,3.0,unknown,Male,0,18.62328,317.5144,0.0,6.614,95.81,95.42,74.81,72.48,In state,Off Campus,Car,33.0,1.0,3.0,338.52,0.18750619440106503
356,35048,1990-07-05,2012-08-06,2017-05-08,3.0,Performing arts,Female,0,22.152864000000005,317.5144,1.0,6.581933155080214,91.35,86.26,58.31,77.66,In state,Off Campus,Car,36.0,3.0,11.0,313.58000000000004,0.13251596476620092
357,36681,1990-06-18,2012-08-06,2017-05-08,3.0,Geography,Male,0,18.748248,317.5144,2.0,6.769,87.6,85.4,60.27,73.29,In state,Off Campus,Walk,9.0,5.0,9.0,306.56,0.1850148491596401
358,38928,1990-05-19,2012-08-06,2017-05-08,3.0,Architecture,Female,0,20.043648,317.5144,1.0,7.285,79.14,69.98,50.42,79.52168316831683,In state,Off Campus,Car,34.0,9.0,10.0,279.06168316831685,0.16187300572456945
359,42520,1990-04-06,2012-08-06,2017-05-08,3.0,athletic training,Male,0,21.576792000000005,317.5144,0.0,7.068,85.68,77.2,70.87,69.61,In state,Off Campus,Car,33.0,3.0,8.0,303.36,0.1396864291102048
360,46857,1990-02-13,2012-08-06,2018-05-14,3.0,unknown,Male,0,22.658832000000004,317.5144,0.0,6.284,93.34,92.08,71.69,79.27,In state,Off Campus,Public Transit,53.0,4.0,11.0,336.38,0.12666392059286818
361,22652,1989-12-04,2012-08-06,2018-05-14,3.0,unknown,Female,0,20.736081882352945,317.5144,0.0,7.226,76.69,70.11,53.54,78.82,In state,Off Campus,Walk,13.0,3.0,4.0,279.15999999999997,0.151242750586949
362,30070,1989-09-05,2012-08-06,2018-05-14,3.0,Education - Pre-K,Male,1,22.655784,317.5144,3.0,5.772,76.55,81.33,61.31,79.3,In state,Off Campus,Bike,9.0,9.0,9.0,298.49,0.12669800439240264
363,37310,1989-06-08,2012-08-06,2017-05-08,3.0,school psych,Female,1,20.0406,317.5144,1.0,4.889,90.76,93.96,69.55,82.52,In state,On Campus,Public Transit,27.0,5.461538461538462,12.0,336.78999999999996,0.16192224840607786
364,49854,1989-02-24,2012-08-06,2017-05-08,3.0,unknown,Male,0,19.14144,317.5144,3.0,6.283,81.22,86.67,66.44,78.63,In state,Off Campus,Car,24.0,7.0,11.0,312.96000000000004,0.1774919875045641
365,32786,1988-08-02,2012-08-06,2018-05-14,3.0,unknown,Female,0,20.125944,317.5144,0.0,6.787,82.95,83.26,68.23,82.78,In state,Off Campus,Car,28.0,4.0,11.0,317.22,0.1605518985273469
366,33358,1988-07-26,2012-08-06,2018-05-14,3.0,History,Female,0,20.736081882352945,317.5144,0.0,6.581933155080214,85.83,97.22,77.92,73.17,In state,Off Campus,Car,27.0,3.0,8.0,334.14,0.151242750586949
367,36691,1988-06-17,2012-08-06,2017-05-08,3.0,German,Male,0,20.736081882352945,317.5144,0.0,6.924,70.35,75.49,59.63,75.31,In state,On Campus,Public Transit,27.0,8.0,8.0,280.78,0.151242750586949
368,30268,1985-09-03,2012-08-06,2017-05-08,3.0,unknown,Male,0,22.427184,317.5144,1.0,6.535,81.1,87.48,71.3,72.35,In state,Off Campus,Car,22.0,4.0,11.0,312.23,0.12929403021387229
369,33692,2000-01-01,2012-08-06,2017-05-08,3.0,communications,Male,1,20.736081882352945,317.5144,0.0,5.357,72.0,80.06,70.34,74.8,Out of state,Off Campus,Car,22.0,6.0,16.0,297.20000000000005,0.151242750586949
370,31434,1992-08-19,2011-08-01,2017-05-08,4.0,thaeter,Male,0,18.8214,317.5144,2.0,6.801,92.32,91.04,73.11,73.45,In state,Off Campus,Car,27.0,3.0,6.0,329.92,0.18357947188119786
371,45762,1992-02-24,2011-08-01,2016-05-09,4.0,Computer Science,Female,0,20.128992000000004,317.5144,2.0,8.62,78.33,85.84,62.68,81.88,In state,Off Campus,Car,25.0,4.0,13.0,308.73,0.16050327958644078
372,21421,1991-12-19,2011-08-01,2016-05-09,4.0,Environmental science,Female,1,19.318224,317.5144,0.0,5.08,85.87,95.07,72.42,84.3,In state,Off Campus,Bike,10.0,4.0,8.0,337.66,0.1742583390830287
373,21610,1991-12-17,2011-08-01,2017-05-08,4.0,Paleontology,Male,1,21.96084,317.5144,0.0,5.124,94.38,89.54,82.12,82.54,In state,Off Campus,Car,28.0,3.0,12.0,348.58000000000004,0.13484351650701357
374,22240,1991-12-09,2011-08-01,2017-05-08,4.0,biomed engineering,Female,1,20.22348,317.5144,0.0,6.581933155080214,86.28,88.13,62.92,90.27,Out of state,Off Campus,Car,25.0,4.0,13.0,327.6,0.15900697870271888
375,23659,1991-11-22,2011-08-01,2017-05-08,4.0,Math,Male,0,21.281136,317.5144,0.0,6.581933155080214,83.23,84.39,59.27,75.95,Out of state,Off Campus,Car,28.0,3.0,6.0,302.84000000000003,0.14359468030121406
376,29470,1991-09-12,2011-08-01,2016-05-09,4.0,unknown,Female,1,20.887944,317.5144,0.0,4.77,75.43,79.27,66.95,76.09,Out of state,Off Campus,Car,32.0,10.0,9.0,297.74,0.14905157736067515
377,31575,1991-08-18,2011-08-01,2017-05-08,4.0,Latin,Male,1,20.046696,317.5144,0.0,4.974,76.02,71.41,72.19,72.54,In state,Off Campus,Car,33.0,5.0,9.0,292.15999999999997,0.16182378550266482
378,32404,1991-08-08,2011-08-01,2017-05-08,4.0,Hahahaha,Male,0,20.144232000000002,317.5144,0.0,8.997,84.45,89.39,75.19,79.52168316831683,In state,Off Campus,Walk,21.0,7.0,7.208651399491094,328.5516831683168,0.16026051583143808
379,32929,1991-08-01,2011-08-01,2016-05-09,4.0,humanities,Male,1,20.308824,317.5144,0.0,6.581933155080214,82.78755501222494,78.35,55.21,70.56,Out of state,Off Campus,Car,30.0,2.0,7.208651399491094,286.907555012225,0.15767339303613837
380,33022,1991-08-01,2011-08-01,2016-05-09,4.0,unknown,Male,1,21.625560000000004,317.5144,0.0,5.771,87.37,84.39,70.13,75.07,In state,Off Campus,Walk,9.0,5.0,12.0,316.96,0.13905712317630306
381,33348,1991-07-26,2011-08-01,2017-05-08,4.0,unknown,Female,1,20.324064000000003,317.5144,0.0,6.16,82.61,76.39,53.91,85.18,Out of state,On Campus,Public Transit,27.0,3.0,14.0,298.09,0.15743701889496123
382,34469,1991-07-14,2011-08-01,2017-05-08,4.0,Spanish,Male,1,22.335744000000002,317.5144,3.0,5.341,87.01,83.46,61.09,79.6,Out of state,Off Campus,Car,32.0,5.0,14.0,311.16,0.13035482732976106
383,35684,1991-06-29,2011-08-01,2017-05-08,4.0,unknown,Male,0,20.736081882352945,317.5144,0.0,5.595,82.78755501222494,86.65,63.07,71.33,In state,Off Campus,Walk,10.0,2.0,7.0,303.8375550122249,0.151242750586949
384,36404,1991-06-21,2011-08-01,2017-05-08,4.0,Gender Studies,Male,0,20.336256000000002,317.5144,0.0,8.112,82.78755501222494,63.48,63.19,80.27,In state,Off Campus,Public Transit,27.0,4.0,7.208651399491094,289.7275550122249,0.15724830207776225
385,38644,1991-05-25,2011-08-01,2017-05-08,4.0,Computer Programming,Male,0,22.79904,317.5144,2.0,8.177,79.38,82.64,66.51,79.52168316831683,Out of state,Off Campus,Walk,15.0,4.0,14.0,308.0516831683168,0.12511081243387
386,40900,1991-04-27,2011-08-01,2017-05-08,4.0,don't know yet,Male,1,21.857208,317.5144,0.0,6.581933155080214,92.22,88.87,63.82,88.8,In state,Off Campus,Car,32.0,5.0,11.0,333.71000000000004,0.13612522011205014
387,41762,1991-04-17,2011-08-01,2017-05-08,4.0,Forensic  science,Male,1,19.949160000000003,317.5144,0.0,5.234,79.18,86.06,63.77,70.28,Out of state,Off Campus,Car,28.0,4.0,13.0,299.29,0.16341004072995263
388,43596,1991-03-24,2011-08-01,2016-05-09,4.0,Art History,Male,1,21.204936,317.5144,0.0,4.748,70.73,84.95,75.84,76.98,In state,Off Campus,Bike,7.0,7.0,11.0,308.5,0.14462855039072542
389,44640,1991-03-10,2011-08-01,2017-05-08,4.0,unknown,Female,1,20.388072,317.5144,0.0,4.81,83.17,95.24,69.33,78.4,In state,Off Campus,Car,21.0,4.0,7.0,326.14,0.1564500290449479
390,47709,1991-02-03,2011-08-01,2016-05-09,4.0,nutrition,Male,0,25.651968,317.5144,1.0,8.034,89.25,87.09,66.9,80.91,In state,Off Campus,Walk,14.0,10.0,6.0,324.15,0.09882949731816278
391,48238,1991-01-28,2011-08-01,2017-05-08,4.0,unknown,Male,0,20.494752,317.5144,2.0,5.295,78.9,68.82,62.43,75.59,In state,Off Campus,Walk,20.0,5.461538461538462,12.0,285.74,0.15482554964839562
392,48112,1991-01-27,2011-08-01,2016-05-09,4.0,History,Female,1,20.275296,317.5144,0.0,6.364,77.66,87.67,75.85,79.52168316831683,In state,Off Campus,Car,32.0,4.0,10.0,320.70168316831683,0.15819529362673648
393,22167,1990-12-10,2011-08-01,2016-05-09,4.0,stage management,Male,0,20.427696,317.5144,0.0,7.61,80.08,75.46,71.2,74.78,In state,Off Campus,Car,37.0,4.0,16.0,301.52,0.15584367934993776
394,23717,1990-11-21,2011-08-01,2016-05-09,4.0,unknown,Female,0,18.0594,317.5144,0.0,7.419,85.03,81.98,72.9,85.7,Out of state,Off Campus,Car,33.0,5.0,23.0,325.61,0.19939824458331107
395,25875,1990-10-26,2011-08-01,2017-05-08,4.0,unknown,Female,0,22.070568,317.5144,0.0,7.571,78.41,88.07,66.28,82.75,unknown,unknown,Car,26.0,8.0,4.0,315.51,0.1335060494737945
396,26367,1990-10-19,2011-08-01,2016-05-09,4.0,Ethnomusicology,Female,0,21.287232000000003,317.5144,0.0,6.969,77.24,72.75,63.06,84.48,In state,Off Campus,Public Transit,59.0,4.0,7.208651399491094,297.53000000000003,0.1435124499920617
397,26510,1990-10-18,2011-08-01,2016-05-09,4.0,unknown,Male,1,20.287488000000003,317.5144,0.0,5.002,99.56,85.94,80.59,79.12,In state,Off Campus,Car,26.0,4.0,11.0,345.21000000000004,0.15800521218565086
398,27209,1990-10-09,2011-08-01,2017-05-08,4.0,unknown,Female,1,20.202144,317.5144,0.0,6.167,81.37,72.15,58.36,87.49,In state,Off Campus,Car,29.0,3.0,12.0,299.37,0.15934301871797887
399,29115,1990-09-17,2011-08-01,2017-05-08,4.0,athletic trainer,Male,1,22.094952,317.5144,0.0,5.55,86.3,92.01,65.03,76.4,In state,Off Campus,Bike,9.0,5.0,7.208651399491094,319.74,0.13321153739035668
400,31078,1990-08-23,2011-08-01,2016-05-09,4.0,unknown,Female,0,21.59508,317.5144,0.0,6.581933155080214,82.12,69.32,58.7,84.21,In state,Off Campus,Car,28.0,5.0,7.208651399491094,294.34999999999997,0.13944993971280287
401,34362,1990-07-13,2011-08-01,2016-05-09,4.0,unknown,Female,0,19.138392,317.5144,1.0,7.268,78.07,75.3,60.59,80.5,In state,Off Campus,Car,35.0,7.0,15.0,294.46000000000004,0.177548527119561
402,34581,1990-07-12,2011-08-01,2017-05-08,4.0,nutrition,Male,0,18.754344,317.5144,0.0,6.685,89.06,82.0708,64.93,69.07,Out of state,Off Campus,Car,30.0,0.0,6.0,305.1308,0.18489459251727886
403,34591,1990-07-11,2011-08-01,2016-05-09,4.0,Comp Sci,Female,0,20.628864000000004,317.5144,3.0,8.408,79.43,75.91,59.55,78.19,Out of state,Off Campus,Walk,11.0,7.0,18.0,293.08,0.15281899524392353
404,35886,1990-06-27,2011-08-01,2016-05-09,4.0,Chemical Engineering,Male,1,22.704552,317.5144,0.0,4.984,80.02,84.81,64.96,67.97,In state,Off Campus,Car,20.0,6.0,10.0,297.76,0.12615430968082403
405,37713,1990-06-04,2011-08-01,2016-05-09,4.0,fnrech,Male,1,22.41804,317.5144,0.0,6.581933155080214,70.76,80.71,69.43,74.74,In state,Off Campus,Walk,23.0,3.0,7.208651399491094,295.64,0.1293995261204497
406,39415,1990-05-13,2011-08-01,2016-05-09,4.0,unknown,Female,0,19.235928,317.5144,0.0,6.96,83.7,82.0,56.14,84.95,Out of state,Off Campus,Walk,20.0,5.0,9.0,306.78999999999996,0.175752568102802
407,40313,1990-05-03,2011-08-01,2016-05-09,4.0,unknown,Female,1,19.744944,317.5144,0.0,5.584,81.33,77.14,52.83,81.41,In state,Off Campus,Car,29.0,3.0,12.0,292.71,0.16680772245406378
408,41168,1990-04-23,2011-08-01,2017-05-08,4.0,HDFS,Male,1,24.646128,317.5144,0.0,5.998,73.63,79.24,71.05,78.69,In state,Off Campus,Car,24.0,4.0,10.0,302.61,0.10706082015073062
409,41165,1990-04-21,2011-08-01,2016-05-09,4.0,unknown,Female,0,22.314408,317.5144,0.0,8.783,80.14,86.07,74.68,88.19,Out of state,Off Campus,Car,23.0,8.0,6.0,329.08,0.13060422496085186
410,42826,1990-04-03,2011-08-01,2016-05-09,4.0,Political Science,Male,1,20.394168,317.5144,1.0,5.648,83.41,86.06,77.26,79.55,In state,Off Campus,Public Transit,53.0,5.0,5.0,326.28,0.15635651438532425
411,43676,1990-03-21,2011-08-01,2017-05-08,4.0,unknown,Female,0,20.988528000000002,317.5144,0.0,7.62,87.0,81.94,47.07,78.77,Out of state,Off Campus,Car,37.0,3.0,7.208651399491094,294.78,0.14762639117838675
412,44968,1990-03-09,2011-08-01,2017-05-08,4.0,psychology,Male,0,24.606504,317.5144,0.0,7.079,88.62,78.27,68.66,77.58,In state,Off Campus,Car,28.0,3.0,10.0,313.13,0.10740589912170974
413,45928,1990-02-22,2011-08-01,2016-05-09,4.0,unknown,Female,0,21.003768,317.5144,2.0,9.159,81.07,85.37,65.46800947867298,78.32,In state,Off Campus,Car,38.0,5.0,10.0,310.22800947867296,0.14741223817664875
414,46439,1990-02-16,2011-08-01,2016-05-09,4.0,bachelor of fine arts in theater,Female,0,19.2786,317.5144,0.0,6.9,84.35,74.53,55.72,86.93,In state,Off Campus,Walk,9.0,6.0,13.0,301.53,0.17497539408520676
415,48958,1990-01-17,2011-08-01,2016-05-09,4.0,Fein Arts,Female,1,20.159472,317.5144,2.0,7.079,85.75,77.39,44.7,80.65,In state,Off Campus,Car,31.0,8.0,7.0,288.49,0.1600183024362375
416,49572,1990-01-09,2011-08-01,2016-05-09,4.0,Sport Medicine,Female,0,18.495264000000002,317.5144,2.0,7.747,75.69,78.1,47.1,79.72,In state,Off Campus,Car,31.0,7.0,7.0,280.61,0.19011084657337693
417,21254,1989-12-21,2011-08-01,2016-05-09,4.0,unknown,Male,1,21.99132,317.5144,0.0,5.203,71.87,93.95,65.46800947867298,75.98,In state,Off Campus,Car,31.0,8.0,9.0,307.268009478673,0.1344699889398434
418,23037,1989-11-29,2011-08-01,2017-05-08,4.0,Speech Pathology and Audiology,Female,0,19.388328,317.5144,2.0,6.587,82.78755501222494,64.68,64.67,84.71,Out of state,Off Campus,Car,32.0,4.0,4.0,296.8475550122249,0.17300045639991835
419,23340,1989-11-26,2011-08-01,2017-05-08,4.0,Astronomy,Female,1,19.647408,317.5144,0.0,6.177,75.05,88.79,85.69,83.22,unknown,Off Campus,Car,19.0,4.0,8.0,332.75,0.16846800681842974
420,24362,1989-11-13,2011-08-01,2016-05-09,4.0,unknown,Female,0,21.74748,317.5144,0.0,7.559,79.1,88.78,62.85,76.6,In state,Off Campus,Car,22.0,6.0,8.0,307.33,0.13750233876745852
421,28328,1989-09-26,2011-08-01,2017-05-08,4.0,Elementary ed,Male,0,19.223736000000002,317.5144,0.0,7.095,82.78755501222494,89.0,72.63,77.47,In state,Off Campus,Car,15.0,2.0,3.0,321.88755501222494,0.17597556895981017
422,30139,1989-09-04,2011-08-01,2017-05-08,4.0,Accounting,Male,1,23.219664,317.5144,0.0,5.115,86.22,79.21,68.17,72.81,In state,Off Campus,Bike,13.0,3.0,14.0,306.40999999999997,0.12061910547355024
423,32380,1989-08-08,2011-08-01,2017-05-08,4.0,I haven't picked one yet,Male,0,21.235416,317.5144,2.0,8.527,82.78755501222494,73.03,65.42,86.18,In state,Off Campus,Car,27.0,5.461538461538462,16.0,307.41755501222497,0.1442136666388609
424,35269,1989-07-04,2011-08-01,2016-05-09,4.0,unknown,Male,1,21.77796,317.5144,0.0,6.581933155080214,87.17,82.29,67.32,84.23,In state,Off Campus,Car,24.0,4.0,11.0,321.01,0.13711771702918796
425,38872,1989-05-19,2011-08-01,2017-05-08,4.0,commm studies,Female,0,18.34896,317.5144,2.0,6.111,83.49,84.04,76.01,87.54,In state,Off Campus,Car,32.0,4.0,23.0,331.08000000000004,0.19315460094259443
426,39413,1989-05-12,2011-08-01,2017-05-08,4.0,unknown,Female,1,20.549616,317.5144,0.0,4.927,89.35,71.08,59.71,77.94,In state,Off Campus,Car,32.0,5.461538461538462,7.208651399491094,298.08,0.15399993716802562
427,45256,1989-03-03,2011-08-01,2016-05-09,4.0,Interior design,Female,1,20.736081882352945,317.5144,2.0,6.486,84.96,90.88,59.03,79.53,In state,unknown,Car,31.0,7.0,7.208651399491094,314.4,0.151242750586949
428,48529,1989-01-21,2011-08-01,2017-05-08,4.0,Science,Female,0,20.516088000000003,317.5144,0.0,7.819,84.16,80.63,64.3,83.45,Out of state,Off Campus,Car,27.0,0.0,7.208651399491094,312.53999999999996,0.15450369099385403
429,36563,1988-06-17,2011-08-01,2016-05-09,4.0,Marketing,Female,0,20.196048,317.5144,0.0,7.036,83.53,80.02,66.33,84.21,In state,Off Campus,Car,27.0,5.0,12.0,314.09000000000003,0.15943922582142858
430,34021,1987-07-18,2011-08-01,2017-05-08,4.0,accounting,Female,0,20.736081882352945,317.5144,0.0,6.581933155080214,87.72,84.99,65.31,79.52168316831683,In state,Off Campus,Walk,18.0,1.0,10.0,317.5416831683168,0.151242750586949
431,40697,1987-04-29,2011-08-01,2016-05-09,4.0,unknown,Male,0,20.878800000000002,317.5144,0.0,9.125,91.01,86.87,70.25,82.67,In state,Off Campus,Car,26.0,6.0,15.0,330.8,0.14918216207576324
432,34272,2000-01-01,2011-08-01,2016-05-09,4.0,nursing,Male,1,20.75688,317.5144,0.0,6.581933155080214,81.05,85.76,58.16,81.87,unknown,Off Campus,Car,29.0,6.0,10.0,306.84,0.15093981598280148
433,33628,2000-01-01,2011-08-01,2017-05-08,4.0,Nursing,Female,1,21.113496,317.5144,2.0,6.905,75.59,85.97,66.84,79.35,In state,Off Campus,Walk,14.0,4.0,10.0,307.75,0.14588400067031615
434,39298,2000-01-01,2011-08-01,2017-05-08,4.0,unknown,Female,1,20.324064000000003,317.5144,1.0,6.233,75.65,77.24,60.24,75.23,In state,Off Campus,Car,27.0,2.0,10.0,288.36,0.15743701889496123
